fecha,n1,n2,n3,n4,n5,superbalota
22 de Abril de 2026,5,12,30,36,40,9
22 de Abril de 2026,11,16,29,37,39,3
20 de Abril de 2026,13,33,38,40,41,8
20 de Abril de 2026,2,29,30,35,41,1
18 de Abril de 2026,9,16,29,32,33,10
18 de Abril de 2026,20,24,27,28,32,13
15 de Abril de 2026,7,11,16,27,28,14
15 de Abril de 2026,11,25,29,34,39,13
13 de Abril de 2026,4,11,12,21,26,6
13 de Abril de 2026,17,19,21,38,42,5
11 de Abril de 2026,10,24,32,33,43,13
11 de Abril de 2026,6,16,19,26,43,16
8 de Abril de 2026,16,17,26,38,41,5
8 de Abril de 2026,2,3,22,25,36,5
6 de Abril de 2026,9,11,15,16,29,5
6 de Abril de 2026,14,21,25,29,41,9
4 de Abril de 2026,4,13,19,31,40,9
4 de Abril de 2026,2,15,16,18,35,6
1 de Abril de 2026,9,22,28,30,35,3
1 de Abril de 2026,1,3,14,35,37,14
30 de Marzo de 2026,4,17,20,21,29,1
30 de Marzo de 2026,2,5,18,20,37,8
28 de Marzo de 2026,7,16,25,41,42,8
28 de Marzo de 2026,24,37,38,40,42,7
25 de Marzo de 2026,3,9,13,14,19,16
25 de Marzo de 2026,22,25,36,41,42,16
23 de Marzo de 2026,25,33,37,39,41,11
23 de Marzo de 2026,4,11,12,23,28,11
21 de Marzo de 2026,7,10,21,32,33,2
21 de Marzo de 2026,23,24,33,39,42,13
18 de Marzo de 2026,18,20,21,29,35,11
18 de Marzo de 2026,4,8,14,17,18,12
16 de Marzo de 2026,5,11,15,24,35,3
16 de Marzo de 2026,12,18,19,21,42,8
14 de Marzo de 2026,2,7,23,31,36,16
14 de Marzo de 2026,2,15,27,38,39,10
11 de Marzo de 2026,17,23,30,38,40,7
11 de Marzo de 2026,9,11,22,23,33,6
9 de Marzo de 2026,5,7,8,25,29,14
9 de Marzo de 2026,1,5,15,22,27,9
7 de Marzo de 2026,3,11,30,38,41,4
7 de Marzo de 2026,1,3,8,20,21,7
4 de Marzo de 2026,21,26,32,34,40,12
4 de Marzo de 2026,6,10,12,19,26,14
2 de Marzo de 2026,1,7,15,39,43,5
2 de Marzo de 2026,1,10,21,34,36,1
28 de Febrero de 2026,7,11,15,19,41,9
28 de Febrero de 2026,3,4,19,25,42,15
25 de Febrero de 2026,2,6,11,28,31,14
25 de Febrero de 2026,15,24,34,38,43,8
23 de Febrero de 2026,16,18,20,23,41,10
23 de Febrero de 2026,4,11,15,23,43,2
21 de Febrero de 2026,7,12,22,25,40,10
21 de Febrero de 2026,6,13,14,17,19,12
18 de Febrero de 2026,11,27,38,40,42,2
18 de Febrero de 2026,2,4,12,24,42,6
16 de Febrero de 2026,9,18,21,22,42,14
16 de Febrero de 2026,16,18,22,27,33,5
14 de Febrero de 2026,15,21,29,34,35,6
14 de Febrero de 2026,14,35,37,38,41,10
11 de Febrero de 2026,9,14,30,36,42,6
11 de Febrero de 2026,13,26,33,34,38,5
9 de Febrero de 2026,11,17,20,36,38,14
9 de Febrero de 2026,3,10,15,25,35,1
7 de Febrero de 2026,9,12,26,27,31,3
7 de Febrero de 2026,5,7,12,13,27,4
4 de Febrero de 2026,16,25,29,36,38,15
4 de Febrero de 2026,1,8,10,19,26,9
2 de Febrero de 2026,8,13,18,30,41,12
2 de Febrero de 2026,6,8,19,21,30,9
31 de Enero de 2026,6,9,11,16,26,9
31 de Enero de 2026,8,12,20,24,36,4
28 de Enero de 2026,9,15,18,26,40,13
28 de Enero de 2026,2,9,17,23,35,2
26 de Enero de 2026,20,26,31,38,42,2
26 de Enero de 2026,15,16,20,29,39,12
24 de Enero de 2026,7,11,21,29,32,16
24 de Enero de 2026,17,21,24,30,34,3
21 de Enero de 2026,7,14,21,23,38,1
21 de Enero de 2026,3,4,8,17,31,11
19 de Enero de 2026,4,6,20,28,42,11
19 de Enero de 2026,8,9,17,27,30,11
17 de Enero de 2026,3,7,15,18,42,15
17 de Enero de 2026,13,26,32,34,39,15
14 de Enero de 2026,7,17,32,37,40,10
14 de Enero de 2026,4,11,21,24,28,7
12 de Enero de 2026,1,7,11,19,42,10
12 de Enero de 2026,7,26,27,33,36,14
10 de Enero de 2026,6,8,36,39,41,12
10 de Enero de 2026,6,10,25,33,43,16
7 de Enero de 2026,5,9,28,32,35,7
7 de Enero de 2026,4,18,21,28,33,2
5 de Enero de 2026,9,13,28,31,35,2
5 de Enero de 2026,4,7,20,22,39,3
3 de Enero de 2026,9,15,24,38,42,5
3 de Enero de 2026,1,4,11,14,34,5
31 de Diciembre de 2025,22,24,27,37,40,8
31 de Diciembre de 2025,9,13,19,41,43,16
29 de Diciembre de 2025,8,17,21,36,39,15
29 de Diciembre de 2025,11,15,23,36,42,8
27 de Diciembre de 2025,5,17,18,32,41,6
27 de Diciembre de 2025,4,15,22,35,41,3
24 de Diciembre de 2025,8,9,15,23,35,15
24 de Diciembre de 2025,14,18,27,34,40,7
22 de Diciembre de 2025,4,17,19,32,42,15
22 de Diciembre de 2025,9,24,27,35,42,4
20 de Diciembre de 2025,4,5,10,17,40,10
20 de Diciembre de 2025,1,12,19,22,29,7
17 de Diciembre de 2025,4,9,18,29,31,5
17 de Diciembre de 2025,6,15,17,27,30,16
15 de Diciembre de 2025,10,29,36,38,40,7
15 de Diciembre de 2025,3,18,30,33,42,5
13 de Diciembre de 2025,2,13,14,15,28,2
13 de Diciembre de 2025,12,14,17,37,41,9
10 de Diciembre de 2025,3,12,13,26,37,9
10 de Diciembre de 2025,20,40,41,42,43,11
8 de Diciembre de 2025,2,21,22,24,37,10
8 de Diciembre de 2025,2,7,30,33,42,4
6 de Diciembre de 2025,12,32,36,42,43,13
6 de Diciembre de 2025,13,18,27,29,35,8
3 de Diciembre de 2025,11,15,16,19,40,9
3 de Diciembre de 2025,7,16,30,37,39,2
1 de Diciembre de 2025,11,24,25,26,43,7
1 de Diciembre de 2025,7,26,30,37,39,3
29 de Noviembre de 2025,4,17,28,32,43,6
29 de Noviembre de 2025,4,17,28,33,43,3
26 de Noviembre de 2025,4,14,25,28,41,13
26 de Noviembre de 2025,8,13,33,35,40,8
24 de Noviembre de 2025,8,9,10,30,37,2
24 de Noviembre de 2025,3,9,23,28,37,14
22 de Noviembre de 2025,16,22,25,32,38,9
22 de Noviembre de 2025,4,8,20,21,43,16
19 de Noviembre de 2025,2,6,26,28,39,11
19 de Noviembre de 2025,12,24,32,36,41,15
17 de Noviembre de 2025,14,18,20,35,41,10
17 de Noviembre de 2025,3,18,28,32,37,11
15 de Noviembre de 2025,4,8,10,17,41,6
15 de Noviembre de 2025,7,9,16,24,39,7
12 de Noviembre de 2025,1,18,21,22,24,14
12 de Noviembre de 2025,14,20,39,40,41,10
10 de Noviembre de 2025,17,22,24,26,27,13
10 de Noviembre de 2025,10,12,17,30,34,8
8 de Noviembre de 2025,1,6,18,21,24,12
8 de Noviembre de 2025,14,23,33,38,40,6
5 de Noviembre de 2025,9,14,29,35,40,3
5 de Noviembre de 2025,14,16,26,39,43,14
3 de Noviembre de 2025,5,9,26,28,32,3
3 de Noviembre de 2025,5,12,18,27,31,3
1 de Noviembre de 2025,1,21,24,25,43,14
1 de Noviembre de 2025,5,24,27,37,41,6
29 de Octubre de 2025,2,14,22,25,29,13
29 de Octubre de 2025,7,9,13,21,42,3
27 de Octubre de 2025,3,9,32,35,36,10
27 de Octubre de 2025,5,18,22,24,31,7
25 de Octubre de 2025,17,18,21,32,37,14
25 de Octubre de 2025,1,14,36,37,39,13
22 de Octubre de 2025,3,5,14,19,26,6
22 de Octubre de 2025,1,21,23,30,42,16
20 de Octubre de 2025,9,11,15,23,29,4
20 de Octubre de 2025,6,8,12,19,36,16
18 de Octubre de 2025,27,31,33,34,41,5
18 de Octubre de 2025,6,14,26,40,41,7
15 de Octubre de 2025,2,21,25,37,43,9
15 de Octubre de 2025,4,18,37,38,40,15
13 de Octubre de 2025,11,17,18,20,34,7
13 de Octubre de 2025,9,21,27,29,41,13
11 de Octubre de 2025,10,13,14,28,38,12
11 de Octubre de 2025,1,6,15,25,38,14
8 de Octubre de 2025,3,10,30,32,38,8
8 de Octubre de 2025,5,6,25,26,32,14
6 de Octubre de 2025,2,7,14,27,29,10
6 de Octubre de 2025,5,18,23,34,40,14
4 de Octubre de 2025,2,13,25,35,42,10
4 de Octubre de 2025,20,23,30,39,43,3
1 de Octubre de 2025,2,26,32,35,39,11
1 de Octubre de 2025,11,15,20,25,41,7
29 de Septiembre de 2025,3,11,24,34,35,10
29 de Septiembre de 2025,1,13,25,30,31,6
27 de Septiembre de 2025,6,13,19,32,38,4
27 de Septiembre de 2025,14,17,19,28,33,2
24 de Septiembre de 2025,2,7,10,29,34,4
24 de Septiembre de 2025,2,3,9,21,35,12
22 de Septiembre de 2025,6,18,22,23,35,15
22 de Septiembre de 2025,5,6,12,14,35,12
20 de Septiembre de 2025,8,11,16,30,40,6
20 de Septiembre de 2025,12,24,29,39,42,8
17 de Septiembre de 2025,7,9,10,37,39,4
17 de Septiembre de 2025,5,7,11,15,23,3
15 de Septiembre de 2025,6,10,11,12,19,7
15 de Septiembre de 2025,3,5,13,21,31,16
13 de Septiembre de 2025,1,6,12,25,40,9
13 de Septiembre de 2025,6,13,14,28,34,13
10 de Septiembre de 2025,6,28,40,42,43,12
10 de Septiembre de 2025,5,8,16,27,35,5
8 de Septiembre de 2025,10,13,20,31,42,12
8 de Septiembre de 2025,4,18,27,34,39,9
6 de Septiembre de 2025,4,8,16,28,40,10
6 de Septiembre de 2025,2,15,22,29,42,8
3 de Septiembre de 2025,16,20,26,29,31,12
3 de Septiembre de 2025,5,19,21,42,43,14
1 de Septiembre de 2025,1,13,25,33,34,12
1 de Septiembre de 2025,9,30,32,39,43,13
30 de Agosto de 2025,3,4,12,23,42,13
30 de Agosto de 2025,12,18,22,26,33,6
27 de Agosto de 2025,6,8,20,23,24,9
27 de Agosto de 2025,1,6,14,33,43,6
25 de Agosto de 2025,6,21,22,26,30,8
25 de Agosto de 2025,8,12,14,32,35,9
23 de Agosto de 2025,2,9,17,36,39,11
23 de Agosto de 2025,7,19,29,37,39,11
20 de Agosto de 2025,25,28,32,33,41,16
20 de Agosto de 2025,13,20,26,28,37,9
18 de Agosto de 2025,2,3,14,15,23,5
18 de Agosto de 2025,1,12,14,28,33,1
16 de Agosto de 2025,12,13,33,37,38,15
16 de Agosto de 2025,2,4,8,12,32,8
13 de Agosto de 2025,7,12,22,33,38,5
13 de Agosto de 2025,1,3,9,24,34,9
11 de Agosto de 2025,2,19,20,32,33,3
11 de Agosto de 2025,13,16,36,37,38,12
9 de Agosto de 2025,2,8,27,29,37,16
9 de Agosto de 2025,2,9,12,22,42,3
6 de Agosto de 2025,8,18,21,34,40,13
6 de Agosto de 2025,12,20,29,30,38,4
4 de Agosto de 2025,4,7,31,33,36,7
4 de Agosto de 2025,25,30,33,34,35,12
2 de Agosto de 2025,13,22,32,35,42,11
2 de Agosto de 2025,1,3,4,34,37,15
30 de Julio de 2025,29,30,34,36,41,15
30 de Julio de 2025,19,22,24,31,39,3
28 de Julio de 2025,10,30,33,34,41,7
28 de Julio de 2025,8,16,22,34,41,10
26 de Julio de 2025,19,25,29,34,43,10
26 de Julio de 2025,1,17,21,28,35,12
23 de Julio de 2025,1,16,19,25,26,16
23 de Julio de 2025,7,8,11,27,38,3
21 de Julio de 2025,21,26,27,34,41,16
21 de Julio de 2025,4,13,18,33,36,11
19 de Julio de 2025,14,17,22,24,27,9
19 de Julio de 2025,4,7,23,37,43,15
16 de Julio de 2025,5,10,13,20,31,13
16 de Julio de 2025,4,15,21,30,35,5
14 de Julio de 2025,8,14,28,35,36,5
14 de Julio de 2025,7,8,12,33,39,13
12 de Julio de 2025,7,10,17,30,43,15
12 de Julio de 2025,1,11,24,25,35,8
9 de Julio de 2025,9,21,25,29,41,10
9 de Julio de 2025,3,5,9,35,39,11
7 de Julio de 2025,2,12,24,41,42,5
7 de Julio de 2025,9,16,28,36,43,12
5 de Julio de 2025,4,17,19,26,36,10
5 de Julio de 2025,17,26,29,32,34,2
2 de Julio de 2025,6,16,21,23,42,13
2 de Julio de 2025,5,10,12,24,29,13
30 de Junio de 2025,2,3,9,36,41,15
30 de Junio de 2025,3,4,8,11,17,14
28 de Junio de 2025,5,15,18,31,35,8
28 de Junio de 2025,10,13,18,34,40,12
25 de Junio de 2025,5,8,20,29,35,11
25 de Junio de 2025,4,11,12,14,21,12
23 de Junio de 2025,3,24,28,34,37,15
23 de Junio de 2025,9,17,25,42,43,3
21 de Junio de 2025,9,17,24,29,43,8
21 de Junio de 2025,5,24,26,30,43,4
18 de Junio de 2025,4,10,15,23,42,9
18 de Junio de 2025,2,6,7,13,18,14
16 de Junio de 2025,2,4,5,16,32,9
16 de Junio de 2025,4,8,10,30,40,10
14 de Junio de 2025,5,7,14,15,19,6
14 de Junio de 2025,8,9,21,27,33,2
11 de Junio de 2025,1,2,5,21,33,7
11 de Junio de 2025,11,21,23,30,34,5
9 de Junio de 2025,2,13,17,21,34,9
9 de Junio de 2025,10,28,31,32,42,10
7 de Junio de 2025,6,9,21,36,42,9
7 de Junio de 2025,3,26,27,29,30,15
4 de Junio de 2025,26,29,33,35,41,5
4 de Junio de 2025,2,10,27,31,33,10
2 de Junio de 2025,2,18,27,31,35,12
2 de Junio de 2025,15,23,26,31,39,9
31 de Mayo de 2025,2,8,16,28,31,15
31 de Mayo de 2025,2,13,34,36,41,7
28 de Mayo de 2025,1,9,10,33,37,15
28 de Mayo de 2025,1,11,22,28,40,1
24 de Mayo de 2025,1,10,13,38,40,13
24 de Mayo de 2025,7,15,33,35,36,10
21 de Mayo de 2025,2,3,4,10,34,7
21 de Mayo de 2025,3,11,20,35,40,16
17 de Mayo de 2025,6,14,34,36,41,12
17 de Mayo de 2025,2,10,14,23,36,15
14 de Mayo de 2025,3,31,40,41,42,14
14 de Mayo de 2025,18,20,21,26,36,7
10 de Mayo de 2025,2,5,18,21,28,2
10 de Mayo de 2025,5,11,23,25,34,3
7 de Mayo de 2025,5,9,17,25,32,2
7 de Mayo de 2025,8,14,30,36,42,1
3 de Mayo de 2025,10,12,24,32,37,12
3 de Mayo de 2025,3,21,31,33,40,14
30 de Abril de 2025,5,12,17,19,22,16
30 de Abril de 2025,6,23,32,34,40,14
26 de Abril de 2025,1,15,20,23,31,10
26 de Abril de 2025,1,16,18,20,25,15
23 de Abril de 2025,4,5,19,28,43,5
23 de Abril de 2025,2,9,22,23,25,5
19 de Abril de 2025,11,26,31,35,43,6
19 de Abril de 2025,24,34,35,36,40,5
16 de Abril de 2025,5,11,18,31,32,9
16 de Abril de 2025,18,32,34,36,38,13
12 de Abril de 2025,3,4,13,38,39,1
12 de Abril de 2025,21,25,38,39,42,15
9 de Abril de 2025,7,8,9,19,26,4
9 de Abril de 2025,12,25,28,37,42,9
5 de Abril de 2025,1,7,22,40,41,3
5 de Abril de 2025,4,9,17,18,37,5
2 de Abril de 2025,18,25,40,41,43,13
2 de Abril de 2025,9,13,20,23,24,10
29 de Marzo de 2025,3,9,27,36,37,1
29 de Marzo de 2025,17,25,27,28,39,3
26 de Marzo de 2025,3,9,21,27,39,3
26 de Marzo de 2025,7,13,35,37,43,2
22 de Marzo de 2025,8,12,22,26,28,1
22 de Marzo de 2025,6,10,17,21,40,16
19 de Marzo de 2025,1,18,27,40,43,1
19 de Marzo de 2025,9,15,18,28,42,11
15 de Marzo de 2025,17,21,25,26,39,15
15 de Marzo de 2025,5,10,13,31,37,16
12 de Marzo de 2025,9,16,32,33,40,12
12 de Marzo de 2025,17,20,26,27,42,1
8 de Marzo de 2025,1,17,33,42,43,12
8 de Marzo de 2025,3,5,6,33,42,4
5 de Marzo de 2025,11,17,18,26,42,13
5 de Marzo de 2025,8,14,19,37,43,6
1 de Marzo de 2025,3,4,17,21,25,4
1 de Marzo de 2025,7,21,26,32,40,12
26 de Febrero de 2025,7,28,29,33,43,2
26 de Febrero de 2025,2,8,19,21,43,9
22 de Febrero de 2025,3,13,19,34,43,12
22 de Febrero de 2025,7,12,19,33,38,8
19 de Febrero de 2025,14,21,28,30,38,14
19 de Febrero de 2025,6,8,32,35,39,3
15 de Febrero de 2025,8,15,17,24,42,11
15 de Febrero de 2025,1,13,27,35,41,10
12 de Febrero de 2025,1,16,30,39,41,15
12 de Febrero de 2025,4,5,7,25,32,4
8 de Febrero de 2025,2,9,10,39,43,14
8 de Febrero de 2025,4,10,12,27,40,9
5 de Febrero de 2025,5,11,14,37,38,14
5 de Febrero de 2025,4,7,16,18,43,2
1 de Febrero de 2025,2,4,5,28,33,12
1 de Febrero de 2025,5,6,19,32,37,16
29 de Enero de 2025,12,20,26,34,38,1
29 de Enero de 2025,7,12,33,36,39,10
25 de Enero de 2025,1,16,19,25,31,6
25 de Enero de 2025,10,26,37,40,42,5
22 de Enero de 2025,12,15,28,34,37,1
22 de Enero de 2025,4,15,23,27,34,13
18 de Enero de 2025,14,19,30,38,41,10
18 de Enero de 2025,1,6,7,20,41,2
15 de Enero de 2025,7,16,32,33,43,1
15 de Enero de 2025,13,22,25,32,35,10
11 de Enero de 2025,2,28,31,32,34,6
11 de Enero de 2025,9,15,23,28,39,7
8 de Enero de 2025,18,24,27,37,43,11
8 de Enero de 2025,1,5,28,36,38,5
4 de Enero de 2025,10,13,18,24,26,9
4 de Enero de 2025,16,34,36,37,40,12
1 de Enero de 2025,17,28,33,39,43,6
1 de Enero de 2025,11,16,18,37,40,16
28 de Diciembre de 2024,1,4,12,14,34,6
28 de Diciembre de 2024,2,4,22,24,32,10
25 de Diciembre de 2024,5,8,22,26,38,8
25 de Diciembre de 2024,4,19,28,32,39,13
21 de Diciembre de 2024,10,12,16,21,41,13
21 de Diciembre de 2024,11,13,27,28,43,15
18 de Diciembre de 2024,4,12,28,36,43,13
18 de Diciembre de 2024,9,10,15,26,28,2
14 de Diciembre de 2024,15,22,26,32,39,12
14 de Diciembre de 2024,19,25,32,34,41,9
11 de Diciembre de 2024,5,12,13,17,43,16
11 de Diciembre de 2024,10,12,18,22,40,4
7 de Diciembre de 2024,9,11,34,36,37,15
7 de Diciembre de 2024,5,10,15,21,22,12
4 de Diciembre de 2024,11,14,31,39,41,5
4 de Diciembre de 2024,7,10,16,31,36,10
30 de Noviembre de 2024,10,12,22,23,34,13
30 de Noviembre de 2024,3,12,14,19,28,9
27 de Noviembre de 2024,5,7,15,20,24,16
27 de Noviembre de 2024,10,21,22,36,40,14
23 de Noviembre de 2024,5,13,24,25,36,9
23 de Noviembre de 2024,7,13,15,33,34,8
20 de Noviembre de 2024,9,17,22,36,38,16
20 de Noviembre de 2024,11,12,19,21,32,3
16 de Noviembre de 2024,8,15,21,35,41,2
16 de Noviembre de 2024,1,23,32,36,40,13
13 de Noviembre de 2024,2,3,9,10,15,16
13 de Noviembre de 2024,1,5,25,29,31,12
9 de Noviembre de 2024,13,28,29,31,41,4
9 de Noviembre de 2024,7,20,24,33,40,6
6 de Noviembre de 2024,3,4,20,30,37,12
6 de Noviembre de 2024,6,15,24,28,31,10
2 de Noviembre de 2024,1,9,19,29,39,6
2 de Noviembre de 2024,10,24,36,40,42,11
30 de Octubre de 2024,6,14,15,29,42,14
30 de Octubre de 2024,6,25,33,42,43,10
26 de Octubre de 2024,1,4,11,21,43,4
26 de Octubre de 2024,18,20,21,26,32,3
23 de Octubre de 2024,1,4,13,34,43,16
23 de Octubre de 2024,8,14,16,26,32,9
19 de Octubre de 2024,18,19,26,29,40,1
19 de Octubre de 2024,31,32,33,39,43,14
16 de Octubre de 2024,10,14,19,24,39,5
16 de Octubre de 2024,1,16,23,33,42,5
12 de Octubre de 2024,1,9,21,39,41,15
12 de Octubre de 2024,4,5,9,18,34,16
9 de Octubre de 2024,9,21,36,37,41,9
9 de Octubre de 2024,5,7,10,25,43,16
5 de Octubre de 2024,5,12,17,37,42,12
5 de Octubre de 2024,12,13,27,32,34,6
2 de Octubre de 2024,5,16,17,27,36,4
2 de Octubre de 2024,12,20,24,34,39,7
28 de Septiembre de 2024,2,12,15,35,37,9
28 de Septiembre de 2024,7,14,19,20,27,16
25 de Septiembre de 2024,1,8,11,33,35,6
25 de Septiembre de 2024,6,15,29,32,42,12
21 de Septiembre de 2024,2,16,18,35,42,6
21 de Septiembre de 2024,4,27,29,37,43,4
18 de Septiembre de 2024,14,18,22,33,41,13
18 de Septiembre de 2024,8,9,10,16,23,3
14 de Septiembre de 2024,31,32,39,41,43,11
14 de Septiembre de 2024,11,13,16,28,42,4
11 de Septiembre de 2024,6,12,24,25,28,15
11 de Septiembre de 2024,4,12,28,32,40,10
7 de Septiembre de 2024,6,19,23,27,35,10
7 de Septiembre de 2024,3,5,6,36,42,1
4 de Septiembre de 2024,12,17,22,36,43,11
4 de Septiembre de 2024,23,25,34,42,43,4
31 de Agosto de 2024,1,8,9,22,34,2
31 de Agosto de 2024,2,4,20,22,32,11
28 de Agosto de 2024,6,7,11,27,42,15
28 de Agosto de 2024,2,4,21,32,33,13
24 de Agosto de 2024,1,3,21,30,39,15
24 de Agosto de 2024,1,13,14,15,33,1
21 de Agosto de 2024,20,21,23,32,42,14
21 de Agosto de 2024,4,13,37,39,41,15
17 de Agosto de 2024,4,10,15,33,37,1
17 de Agosto de 2024,1,22,27,31,40,11
14 de Agosto de 2024,3,9,13,21,27,7
14 de Agosto de 2024,3,22,25,33,38,12
10 de Agosto de 2024,1,12,18,26,39,11
10 de Agosto de 2024,2,4,32,39,42,3
7 de Agosto de 2024,1,21,36,41,42,16
7 de Agosto de 2024,4,17,24,29,43,5
3 de Agosto de 2024,5,21,24,34,43,3
3 de Agosto de 2024,8,14,23,28,32,13
31 de Julio de 2024,2,24,32,38,42,10
31 de Julio de 2024,1,4,9,33,37,15
27 de Julio de 2024,19,25,32,38,41,13
27 de Julio de 2024,8,12,22,25,39,11
24 de Julio de 2024,6,29,31,36,41,6
24 de Julio de 2024,9,12,21,30,41,2
20 de Julio de 2024,2,3,10,29,43,16
20 de Julio de 2024,6,11,26,27,40,7
17 de Julio de 2024,16,33,36,39,43,6
17 de Julio de 2024,23,24,27,29,40,9
13 de Julio de 2024,6,7,18,25,41,16
13 de Julio de 2024,7,15,21,29,36,8
10 de Julio de 2024,3,11,21,22,36,11
10 de Julio de 2024,12,15,21,26,39,9
6 de Julio de 2024,14,18,26,32,42,1
6 de Julio de 2024,8,10,16,30,35,11
3 de Julio de 2024,9,19,27,32,43,2
3 de Julio de 2024,5,7,19,22,25,5
29 de Junio de 2024,4,5,16,21,32,14
29 de Junio de 2024,8,19,25,28,41,2
26 de Junio de 2024,6,13,20,36,43,9
26 de Junio de 2024,7,11,32,40,41,9
22 de Junio de 2024,4,7,21,25,33,16
22 de Junio de 2024,4,15,16,20,34,4
19 de Junio de 2024,12,17,22,23,39,13
19 de Junio de 2024,2,11,13,24,37,11
15 de Junio de 2024,6,10,18,40,43,16
15 de Junio de 2024,2,13,14,30,43,3
12 de Junio de 2024,4,9,15,20,34,1
12 de Junio de 2024,4,9,13,14,20,12
8 de Junio de 2024,5,16,17,29,38,7
8 de Junio de 2024,7,25,28,39,41,7
5 de Junio de 2024,3,19,24,38,39,5
5 de Junio de 2024,8,18,20,28,41,4
1 de Junio de 2024,16,22,26,27,37,9
1 de Junio de 2024,10,26,28,29,40,15
29 de Mayo de 2024,7,8,14,15,19,6
29 de Mayo de 2024,18,19,23,25,38,14
25 de Mayo de 2024,12,18,39,40,41,3
25 de Mayo de 2024,7,12,27,28,37,16
22 de Mayo de 2024,5,11,14,21,33,6
22 de Mayo de 2024,5,11,16,17,37,13
18 de Mayo de 2024,12,19,28,35,42,4
18 de Mayo de 2024,1,10,16,27,35,13
15 de Mayo de 2024,2,4,10,27,41,2
15 de Mayo de 2024,3,4,6,15,23,10
11 de Mayo de 2024,4,11,16,21,39,8
11 de Mayo de 2024,12,23,35,38,42,1
8 de Mayo de 2024,13,16,23,26,30,16
8 de Mayo de 2024,13,24,25,33,36,15
4 de Mayo de 2024,8,10,28,30,38,10
4 de Mayo de 2024,24,29,34,35,36,14
1 de Mayo de 2024,20,23,25,31,36,12
1 de Mayo de 2024,2,4,21,24,29,2
27 de Abril de 2024,11,13,21,23,24,6
27 de Abril de 2024,1,2,15,21,23,13
24 de Abril de 2024,19,20,26,29,43,9
24 de Abril de 2024,7,9,32,34,41,10
20 de Abril de 2024,2,12,31,32,35,3
20 de Abril de 2024,7,9,12,37,41,7
17 de Abril de 2024,25,26,31,37,38,4
17 de Abril de 2024,20,30,31,40,43,9
13 de Abril de 2024,2,16,31,37,43,5
13 de Abril de 2024,4,10,11,30,37,13
10 de Abril de 2024,3,5,11,12,40,2
10 de Abril de 2024,6,30,34,36,39,14
6 de Abril de 2024,2,24,25,26,30,9
6 de Abril de 2024,13,17,24,41,43,10
3 de Abril de 2024,14,20,29,37,41,14
3 de Abril de 2024,9,11,21,24,41,6
30 de Marzo de 2024,7,21,30,35,36,11
30 de Marzo de 2024,15,18,23,30,34,1
27 de Marzo de 2024,2,3,8,11,32,16
27 de Marzo de 2024,1,8,19,34,39,3
23 de Marzo de 2024,9,23,29,32,34,7
23 de Marzo de 2024,10,14,21,32,41,8
20 de Marzo de 2024,17,22,24,35,40,8
20 de Marzo de 2024,14,16,24,27,32,16
16 de Marzo de 2024,1,12,25,27,32,8
16 de Marzo de 2024,19,21,28,29,39,9
13 de Marzo de 2024,6,20,24,27,42,16
13 de Marzo de 2024,9,19,21,24,33,15
9 de Marzo de 2024,10,14,23,25,42,4
9 de Marzo de 2024,1,14,18,21,42,12
6 de Marzo de 2024,19,25,26,39,41,15
6 de Marzo de 2024,1,5,9,13,43,16
2 de Marzo de 2024,6,17,26,38,40,3
2 de Marzo de 2024,2,9,18,26,43,13
28 de Febrero de 2024,4,14,23,34,42,7
28 de Febrero de 2024,4,26,28,29,37,1
24 de Febrero de 2024,12,22,29,41,42,15
24 de Febrero de 2024,2,5,27,28,30,4
21 de Febrero de 2024,1,7,11,18,34,11
21 de Febrero de 2024,16,22,29,30,37,2
17 de Febrero de 2024,18,21,34,38,43,14
17 de Febrero de 2024,2,4,14,21,28,7
14 de Febrero de 2024,1,8,21,27,35,3
14 de Febrero de 2024,3,16,19,37,40,7
10 de Febrero de 2024,6,14,31,34,42,7
10 de Febrero de 2024,9,14,22,24,29,1
7 de Febrero de 2024,2,11,26,28,41,5
7 de Febrero de 2024,2,4,22,29,35,16
3 de Febrero de 2024,18,20,39,40,43,14
3 de Febrero de 2024,5,10,16,29,36,13
31 de Enero de 2024,2,14,20,26,28,12
31 de Enero de 2024,4,8,24,34,40,5
27 de Enero de 2024,14,24,33,35,36,7
27 de Enero de 2024,15,24,28,29,33,13
24 de Enero de 2024,2,20,21,27,38,11
24 de Enero de 2024,7,10,11,13,25,1
20 de Enero de 2024,19,23,32,36,39,11
20 de Enero de 2024,8,16,20,27,37,4
17 de Enero de 2024,4,25,26,27,30,4
17 de Enero de 2024,11,29,30,36,41,2
13 de Enero de 2024,1,3,23,27,39,7
13 de Enero de 2024,17,21,26,29,37,4
10 de Enero de 2024,2,11,16,28,43,3
10 de Enero de 2024,6,8,9,13,43,11
6 de Enero de 2024,22,27,37,40,42,14
6 de Enero de 2024,2,10,12,17,25,12
3 de Enero de 2024,6,20,31,36,41,5
3 de Enero de 2024,1,3,5,14,28,8
30 de Diciembre de 2023,8,13,21,32,33,8
30 de Diciembre de 2023,24,28,32,35,39,16
27 de Diciembre de 2023,3,9,22,26,27,1
27 de Diciembre de 2023,15,23,26,35,42,3
23 de Diciembre de 2023,7,11,25,28,30,9
23 de Diciembre de 2023,5,11,12,33,41,4
20 de Diciembre de 2023,1,6,7,17,21,13
20 de Diciembre de 2023,22,30,32,39,42,7
16 de Diciembre de 2023,4,5,17,18,38,3
16 de Diciembre de 2023,16,19,24,27,38,8
13 de Diciembre de 2023,14,25,27,30,42,8
13 de Diciembre de 2023,12,18,37,40,42,1
9 de Diciembre de 2023,7,10,12,35,41,4
9 de Diciembre de 2023,2,18,26,33,36,1
6 de Diciembre de 2023,16,25,26,35,39,14
6 de Diciembre de 2023,5,15,20,29,41,6
2 de Diciembre de 2023,11,14,16,18,19,15
2 de Diciembre de 2023,2,27,30,34,37,14
29 de Noviembre de 2023,7,11,25,32,35,1
29 de Noviembre de 2023,1,10,11,23,36,4
25 de Noviembre de 2023,9,11,19,28,41,9
25 de Noviembre de 2023,14,18,26,37,42,7
22 de Noviembre de 2023,15,18,19,30,42,2
22 de Noviembre de 2023,17,30,32,35,37,9
18 de Noviembre de 2023,3,19,26,27,29,6
18 de Noviembre de 2023,9,14,22,38,43,14
15 de Noviembre de 2023,5,16,26,28,38,8
15 de Noviembre de 2023,12,16,17,28,36,13
11 de Noviembre de 2023,8,11,13,25,32,6
11 de Noviembre de 2023,5,8,15,35,39,12
8 de Noviembre de 2023,3,11,18,27,33,9
8 de Noviembre de 2023,17,18,28,34,42,12
4 de Noviembre de 2023,1,2,12,30,36,1
4 de Noviembre de 2023,1,4,16,26,27,14
1 de Noviembre de 2023,5,9,19,30,37,6
1 de Noviembre de 2023,11,14,32,34,36,8
28 de Octubre de 2023,5,20,33,36,43,10
28 de Octubre de 2023,5,8,17,27,31,16
25 de Octubre de 2023,15,22,25,28,33,7
25 de Octubre de 2023,7,10,12,27,37,15
21 de Octubre de 2023,12,18,25,34,43,13
21 de Octubre de 2023,6,10,18,35,37,13
18 de Octubre de 2023,20,21,26,29,40,9
18 de Octubre de 2023,2,5,14,30,31,14
14 de Octubre de 2023,4,15,26,27,29,9
14 de Octubre de 2023,3,6,28,35,36,5
11 de Octubre de 2023,3,5,12,23,36,1
11 de Octubre de 2023,2,7,13,25,29,10
7 de Octubre de 2023,6,23,25,37,40,15
7 de Octubre de 2023,10,14,26,32,39,11
4 de Octubre de 2023,6,22,29,30,31,10
4 de Octubre de 2023,2,3,21,27,40,9
30 de Septiembre de 2023,10,15,19,21,41,10
30 de Septiembre de 2023,4,8,10,15,18,8
27 de Septiembre de 2023,2,20,25,36,41,11
27 de Septiembre de 2023,13,14,23,25,40,11
23 de Septiembre de 2023,13,20,24,30,42,12
23 de Septiembre de 2023,3,13,20,30,35,14
20 de Septiembre de 2023,2,3,10,21,23,14
20 de Septiembre de 2023,8,9,30,37,40,10
16 de Septiembre de 2023,6,29,32,39,43,16
16 de Septiembre de 2023,8,33,39,41,42,1
13 de Septiembre de 2023,7,11,28,38,39,2
13 de Septiembre de 2023,3,21,34,36,39,15
9 de Septiembre de 2023,15,18,22,34,42,3
9 de Septiembre de 2023,16,31,33,36,38,5
6 de Septiembre de 2023,9,33,34,41,43,7
6 de Septiembre de 2023,17,27,38,41,43,5
2 de Septiembre de 2023,1,3,20,29,39,1
2 de Septiembre de 2023,14,16,21,27,29,5
30 de Agosto de 2023,4,8,16,27,31,7
30 de Agosto de 2023,6,15,16,18,37,9
26 de Agosto de 2023,5,14,22,37,43,13
26 de Agosto de 2023,1,10,14,17,34,7
23 de Agosto de 2023,4,15,23,24,33,12
23 de Agosto de 2023,8,10,16,19,37,12
19 de Agosto de 2023,5,10,11,25,33,4
19 de Agosto de 2023,2,3,4,5,20,3
16 de Agosto de 2023,3,10,20,31,41,6
16 de Agosto de 2023,13,17,27,28,42,3
12 de Agosto de 2023,19,20,29,31,40,11
12 de Agosto de 2023,13,18,26,37,39,1
9 de Agosto de 2023,3,12,22,24,25,6
9 de Agosto de 2023,2,16,20,31,33,4
5 de Agosto de 2023,4,7,19,23,32,2
5 de Agosto de 2023,6,18,27,40,42,7
2 de Agosto de 2023,5,19,24,25,37,13
2 de Agosto de 2023,19,24,26,36,37,5
29 de Julio de 2023,5,9,11,14,24,4
29 de Julio de 2023,14,20,25,29,30,9
26 de Julio de 2023,5,6,17,27,41,13
26 de Julio de 2023,6,20,27,29,43,9
22 de Julio de 2023,14,15,21,40,42,11
22 de Julio de 2023,2,4,24,31,40,15
19 de Julio de 2023,2,13,18,19,32,13
19 de Julio de 2023,3,21,23,32,33,9
15 de Julio de 2023,2,15,27,33,35,16
15 de Julio de 2023,15,16,25,36,41,2
12 de Julio de 2023,10,27,31,35,43,13
12 de Julio de 2023,27,36,39,42,43,11
8 de Julio de 2023,13,15,30,38,41,3
8 de Julio de 2023,16,17,28,30,38,6
5 de Julio de 2023,4,16,17,23,29,3
5 de Julio de 2023,15,18,21,31,41,12
1 de Julio de 2023,14,26,27,35,37,3
1 de Julio de 2023,4,12,19,34,38,13
28 de Junio de 2023,12,16,32,38,43,11
28 de Junio de 2023,5,10,25,27,43,12
24 de Junio de 2023,8,15,23,24,42,14
24 de Junio de 2023,4,19,23,30,42,1
21 de Junio de 2023,9,25,27,31,42,4
21 de Junio de 2023,5,7,12,29,37,9
17 de Junio de 2023,9,11,13,35,43,7
17 de Junio de 2023,2,3,13,20,30,3
14 de Junio de 2023,3,11,14,39,40,1
14 de Junio de 2023,26,28,31,34,41,14
10 de Junio de 2023,9,13,21,38,43,11
10 de Junio de 2023,12,26,36,40,42,12
7 de Junio de 2023,1,9,16,19,31,16
7 de Junio de 2023,11,29,36,39,43,13
3 de Junio de 2023,9,27,30,39,41,10
3 de Junio de 2023,4,8,12,20,30,16
31 de Mayo de 2023,2,5,23,40,43,7
31 de Mayo de 2023,3,6,13,16,25,4
27 de Mayo de 2023,6,10,21,24,33,2
27 de Mayo de 2023,5,8,9,24,41,7
24 de Mayo de 2023,1,6,27,29,39,8
24 de Mayo de 2023,5,13,16,32,35,4
20 de Mayo de 2023,3,4,23,35,42,7
20 de Mayo de 2023,3,7,20,25,33,1
17 de Mayo de 2023,3,5,15,25,29,11
17 de Mayo de 2023,1,3,11,26,36,2
13 de Mayo de 2023,6,14,33,35,39,14
13 de Mayo de 2023,18,30,33,34,37,8
10 de Mayo de 2023,13,14,15,25,32,14
10 de Mayo de 2023,5,18,31,33,35,10
6 de Mayo de 2023,8,26,27,28,42,7
6 de Mayo de 2023,4,10,17,23,32,2
3 de Mayo de 2023,9,13,22,39,41,16
3 de Mayo de 2023,1,3,24,30,38,10
29 de Abril de 2023,7,20,26,33,39,7
29 de Abril de 2023,3,14,19,34,39,12
26 de Abril de 2023,4,10,13,27,43,2
26 de Abril de 2023,2,16,25,35,39,11
22 de Abril de 2023,17,18,32,37,43,6
22 de Abril de 2023,3,12,15,28,40,1
19 de Abril de 2023,15,18,19,32,36,8
19 de Abril de 2023,3,13,21,37,43,13
15 de Abril de 2023,19,21,28,29,30,12
15 de Abril de 2023,5,26,33,37,43,4
12 de Abril de 2023,11,20,24,29,35,2
12 de Abril de 2023,4,17,19,23,32,9
8 de Abril de 2023,3,5,12,19,20,5
8 de Abril de 2023,10,27,32,40,42,14
5 de Abril de 2023,4,5,7,36,37,1
5 de Abril de 2023,4,5,18,22,29,2
1 de Abril de 2023,1,4,11,22,25,6
1 de Abril de 2023,20,24,27,33,40,12
29 de Marzo de 2023,21,22,23,31,39,6
29 de Marzo de 2023,14,16,24,29,30,3
25 de Marzo de 2023,4,17,24,27,40,4
25 de Marzo de 2023,7,8,16,19,30,5
22 de Marzo de 2023,1,16,21,34,35,14
22 de Marzo de 2023,2,20,23,27,37,8
18 de Marzo de 2023,2,15,16,30,37,3
18 de Marzo de 2023,1,5,9,19,31,13
15 de Marzo de 2023,2,4,18,23,39,5
15 de Marzo de 2023,3,7,16,33,34,3
11 de Marzo de 2023,9,13,15,27,31,15
11 de Marzo de 2023,3,7,24,33,40,14
8 de Marzo de 2023,24,26,35,36,41,7
8 de Marzo de 2023,23,30,36,37,40,11
4 de Marzo de 2023,4,5,12,24,33,12
4 de Marzo de 2023,1,5,11,28,31,15
1 de Marzo de 2023,16,23,36,39,42,11
1 de Marzo de 2023,1,12,38,39,41,16
25 de Febrero de 2023,12,14,20,32,35,9
25 de Febrero de 2023,20,26,29,37,38,12
22 de Febrero de 2023,6,8,13,14,22,12
22 de Febrero de 2023,10,16,26,32,35,14
18 de Febrero de 2023,7,20,25,30,38,4
18 de Febrero de 2023,5,7,10,13,31,14
15 de Febrero de 2023,7,15,22,25,35,9
15 de Febrero de 2023,1,19,35,36,39,8
11 de Febrero de 2023,8,11,17,29,42,13
11 de Febrero de 2023,7,20,25,26,30,11
8 de Febrero de 2023,3,8,12,13,43,7
8 de Febrero de 2023,9,21,23,28,38,12
4 de Febrero de 2023,1,10,14,32,39,10
4 de Febrero de 2023,5,6,18,26,42,9
1 de Febrero de 2023,8,12,16,26,39,6
1 de Febrero de 2023,8,12,23,37,38,16
28 de Enero de 2023,2,14,15,28,40,5
28 de Enero de 2023,8,18,27,40,42,8
25 de Enero de 2023,5,7,10,22,31,12
25 de Enero de 2023,17,20,26,33,38,1
21 de Enero de 2023,2,7,12,21,37,9
21 de Enero de 2023,6,11,13,16,42,12
18 de Enero de 2023,10,29,30,32,36,4
18 de Enero de 2023,8,9,33,35,42,13
14 de Enero de 2023,2,23,25,33,34,10
14 de Enero de 2023,4,8,21,36,43,8
11 de Enero de 2023,2,17,24,37,42,11
11 de Enero de 2023,17,21,22,27,29,9
7 de Enero de 2023,17,25,32,33,40,3
7 de Enero de 2023,11,17,33,34,40,9
4 de Enero de 2023,12,32,36,37,42,11
4 de Enero de 2023,1,12,14,32,33,8
31 de Diciembre de 2022,3,11,27,31,32,12
31 de Diciembre de 2022,14,25,32,33,39,12
28 de Diciembre de 2022,2,8,17,20,25,7
28 de Diciembre de 2022,1,4,9,23,24,13
24 de Diciembre de 2022,7,9,23,37,40,14
24 de Diciembre de 2022,16,26,27,36,42,11
21 de Diciembre de 2022,24,27,30,31,39,12
21 de Diciembre de 2022,31,33,37,40,41,16
17 de Diciembre de 2022,1,10,12,39,40,14
17 de Diciembre de 2022,21,26,34,37,42,16
14 de Diciembre de 2022,2,15,23,33,43,4
14 de Diciembre de 2022,14,18,24,36,42,2
10 de Diciembre de 2022,6,9,28,35,41,7
10 de Diciembre de 2022,4,7,21,22,36,10
7 de Diciembre de 2022,11,14,28,29,32,3
7 de Diciembre de 2022,5,17,21,24,28,10
3 de Diciembre de 2022,14,19,21,32,33,1
3 de Diciembre de 2022,5,11,12,13,34,3
30 de Noviembre de 2022,14,16,33,38,41,10
30 de Noviembre de 2022,6,12,15,16,35,3
26 de Noviembre de 2022,4,9,30,31,34,16
26 de Noviembre de 2022,8,20,21,29,38,11
23 de Noviembre de 2022,5,9,13,22,43,12
23 de Noviembre de 2022,6,11,18,28,43,4
19 de Noviembre de 2022,23,26,27,33,37,3
19 de Noviembre de 2022,4,24,25,26,43,3
16 de Noviembre de 2022,7,9,17,38,39,9
16 de Noviembre de 2022,5,9,16,25,26,10
12 de Noviembre de 2022,10,11,25,27,33,16
12 de Noviembre de 2022,6,21,26,39,41,15
9 de Noviembre de 2022,5,14,17,31,34,3
9 de Noviembre de 2022,2,7,12,26,43,4
5 de Noviembre de 2022,4,19,22,36,43,10
5 de Noviembre de 2022,1,8,17,20,30,9
2 de Noviembre de 2022,20,28,30,31,36,8
2 de Noviembre de 2022,5,15,19,33,43,8
29 de Octubre de 2022,2,10,13,32,42,1
29 de Octubre de 2022,5,9,11,20,30,4
26 de Octubre de 2022,9,12,16,17,21,14
26 de Octubre de 2022,18,32,33,40,41,10
22 de Octubre de 2022,2,4,6,9,25,13
22 de Octubre de 2022,2,5,14,30,36,12
19 de Octubre de 2022,5,8,20,24,37,4
19 de Octubre de 2022,1,7,20,36,39,14
15 de Octubre de 2022,9,21,24,39,40,12
15 de Octubre de 2022,3,14,35,36,37,8
12 de Octubre de 2022,12,21,25,37,41,3
12 de Octubre de 2022,12,24,33,34,36,3
8 de Octubre de 2022,1,3,15,19,29,13
8 de Octubre de 2022,10,17,31,36,41,14
5 de Octubre de 2022,1,3,8,31,35,16
5 de Octubre de 2022,5,16,23,34,43,16
1 de Octubre de 2022,3,5,28,37,42,15
1 de Octubre de 2022,3,5,15,22,42,2
28 de Septiembre de 2022,2,4,12,21,33,2
28 de Septiembre de 2022,6,17,36,37,38,11
24 de Septiembre de 2022,5,8,19,30,33,1
24 de Septiembre de 2022,11,16,32,34,37,5
21 de Septiembre de 2022,2,4,20,21,35,3
21 de Septiembre de 2022,3,6,7,26,42,11
17 de Septiembre de 2022,3,25,30,33,34,1
17 de Septiembre de 2022,9,10,18,29,32,4
14 de Septiembre de 2022,7,13,19,32,42,7
14 de Septiembre de 2022,6,8,20,34,41,8
10 de Septiembre de 2022,3,9,10,19,35,8
10 de Septiembre de 2022,12,18,32,34,43,4
7 de Septiembre de 2022,14,15,17,23,39,6
7 de Septiembre de 2022,1,12,15,22,33,16
3 de Septiembre de 2022,2,5,23,27,36,12
3 de Septiembre de 2022,4,9,26,33,41,3
31 de Agosto de 2022,15,16,26,34,39,6
31 de Agosto de 2022,4,12,17,19,42,14
27 de Agosto de 2022,1,13,16,22,25,8
27 de Agosto de 2022,1,26,27,35,43,11
24 de Agosto de 2022,14,18,21,26,36,7
24 de Agosto de 2022,2,6,24,32,40,5
20 de Agosto de 2022,12,14,15,20,43,10
20 de Agosto de 2022,1,6,34,37,39,4
17 de Agosto de 2022,3,8,15,22,33,13
17 de Agosto de 2022,3,7,20,31,35,7
13 de Agosto de 2022,5,6,18,19,24,9
13 de Agosto de 2022,1,8,10,22,25,4
10 de Agosto de 2022,1,14,15,22,36,11
10 de Agosto de 2022,13,14,15,33,40,16
6 de Agosto de 2022,6,13,33,35,41,11
6 de Agosto de 2022,4,8,17,39,40,14
3 de Agosto de 2022,6,8,13,32,43,15
3 de Agosto de 2022,6,28,33,34,38,12
30 de Julio de 2022,4,14,19,25,31,15
30 de Julio de 2022,16,17,22,26,36,15
27 de Julio de 2022,2,20,26,30,43,11
27 de Julio de 2022,7,9,10,11,29,13
23 de Julio de 2022,2,8,11,19,26,6
23 de Julio de 2022,20,30,31,33,39,10
20 de Julio de 2022,3,11,29,39,40,13
20 de Julio de 2022,7,8,13,18,37,12
16 de Julio de 2022,7,9,11,28,34,5
16 de Julio de 2022,3,4,6,18,36,15
13 de Julio de 2022,16,23,31,39,43,9
13 de Julio de 2022,6,12,13,15,38,16
9 de Julio de 2022,1,8,21,29,35,6
9 de Julio de 2022,4,15,27,30,35,7
6 de Julio de 2022,1,8,12,13,42,5
6 de Julio de 2022,22,31,35,40,42,2
2 de Julio de 2022,7,8,11,12,38,5
2 de Julio de 2022,2,9,16,31,34,5
29 de Junio de 2022,9,24,29,30,32,14
29 de Junio de 2022,8,11,12,29,41,14
25 de Junio de 2022,7,9,14,28,39,9
25 de Junio de 2022,2,10,15,22,25,3
22 de Junio de 2022,16,28,30,32,39,11
22 de Junio de 2022,5,14,20,30,31,8
18 de Junio de 2022,1,14,18,19,26,10
18 de Junio de 2022,3,7,15,19,43,1
15 de Junio de 2022,1,7,12,32,43,1
15 de Junio de 2022,14,16,27,34,41,14
11 de Junio de 2022,22,24,28,31,43,4
11 de Junio de 2022,1,6,16,31,37,13
8 de Junio de 2022,5,6,17,22,31,10
8 de Junio de 2022,12,22,28,42,43,9
4 de Junio de 2022,20,24,32,35,37,5
4 de Junio de 2022,3,7,10,26,31,8
1 de Junio de 2022,13,17,25,26,35,4
1 de Junio de 2022,10,17,18,25,28,16
28 de Mayo de 2022,6,20,25,29,41,4
28 de Mayo de 2022,6,29,33,40,42,12
25 de Mayo de 2022,5,10,14,37,40,6
25 de Mayo de 2022,1,8,21,28,36,5
21 de Mayo de 2022,13,19,21,25,36,12
21 de Mayo de 2022,23,26,27,31,42,4
18 de Mayo de 2022,15,20,27,38,42,3
18 de Mayo de 2022,22,23,28,32,38,5
14 de Mayo de 2022,5,7,20,26,33,14
14 de Mayo de 2022,4,12,14,28,38,10
11 de Mayo de 2022,21,26,27,30,31,2
11 de Mayo de 2022,5,11,22,23,24,15
7 de Mayo de 2022,4,18,30,41,43,11
7 de Mayo de 2022,2,6,11,19,22,16
4 de Mayo de 2022,14,27,34,38,40,14
4 de Mayo de 2022,3,10,11,19,41,15
30 de Abril de 2022,3,5,10,30,40,8
30 de Abril de 2022,12,19,24,34,35,10
27 de Abril de 2022,4,9,20,25,43,14
27 de Abril de 2022,6,7,15,17,31,12
23 de Abril de 2022,6,16,28,39,40,2
23 de Abril de 2022,3,23,29,30,38,3
20 de Abril de 2022,13,16,35,38,42,3
20 de Abril de 2022,5,12,18,32,36,12
16 de Abril de 2022,1,5,8,17,30,15
16 de Abril de 2022,13,14,27,28,39,13
13 de Abril de 2022,7,9,16,23,28,12
13 de Abril de 2022,7,10,13,28,31,2
9 de Abril de 2022,20,27,31,34,41,9
9 de Abril de 2022,1,15,27,30,43,3
6 de Abril de 2022,11,24,33,42,43,15
6 de Abril de 2022,4,14,28,32,35,15
2 de Abril de 2022,3,7,8,18,38,7
2 de Abril de 2022,13,28,33,37,43,14
30 de Marzo de 2022,4,6,16,36,37,14
30 de Marzo de 2022,22,29,30,33,40,3
26 de Marzo de 2022,19,23,33,34,40,5
26 de Marzo de 2022,5,19,24,34,39,13
23 de Marzo de 2022,3,9,37,40,42,11
23 de Marzo de 2022,16,18,28,30,34,1
19 de Marzo de 2022,9,27,36,39,43,8
19 de Marzo de 2022,23,28,31,33,38,4
16 de Marzo de 2022,1,11,31,33,36,7
16 de Marzo de 2022,2,13,16,34,38,16
12 de Marzo de 2022,1,4,10,16,25,15
12 de Marzo de 2022,2,3,7,24,34,3
9 de Marzo de 2022,17,18,19,27,37,14
9 de Marzo de 2022,7,9,21,32,35,7
5 de Marzo de 2022,1,4,5,29,33,11
5 de Marzo de 2022,5,12,18,21,22,2
2 de Marzo de 2022,15,20,26,37,40,13
2 de Marzo de 2022,3,4,9,19,26,15
26 de Febrero de 2022,3,8,25,36,38,10
26 de Febrero de 2022,29,32,33,39,43,1
23 de Febrero de 2022,7,13,36,38,42,9
23 de Febrero de 2022,17,20,23,32,40,2
19 de Febrero de 2022,3,22,27,31,32,10
19 de Febrero de 2022,7,17,33,35,41,9
16 de Febrero de 2022,14,18,24,37,43,15
16 de Febrero de 2022,5,8,9,21,42,8
12 de Febrero de 2022,1,7,22,28,38,6
12 de Febrero de 2022,1,12,13,33,36,3
9 de Febrero de 2022,1,6,24,33,43,8
9 de Febrero de 2022,2,3,8,15,33,6
5 de Febrero de 2022,5,9,27,38,42,1
5 de Febrero de 2022,2,11,12,24,43,12
2 de Febrero de 2022,3,9,22,23,36,2
2 de Febrero de 2022,3,14,15,19,31,7
29 de Enero de 2022,8,18,19,22,32,1
29 de Enero de 2022,18,24,29,40,41,5
26 de Enero de 2022,12,15,28,35,38,1
26 de Enero de 2022,22,24,31,33,34,13
22 de Enero de 2022,1,5,13,27,30,7
22 de Enero de 2022,12,14,35,38,40,1
19 de Enero de 2022,14,17,24,25,41,1
19 de Enero de 2022,22,24,34,38,43,6
15 de Enero de 2022,4,13,20,27,42,1
15 de Enero de 2022,1,5,9,21,24,10
12 de Enero de 2022,1,2,11,34,41,10
12 de Enero de 2022,2,12,17,30,32,1
8 de Enero de 2022,8,11,30,31,38,7
8 de Enero de 2022,9,16,18,21,27,5
5 de Enero de 2022,10,33,36,40,43,16
5 de Enero de 2022,20,21,38,40,43,5
1 de Enero de 2022,17,19,20,21,26,13
1 de Enero de 2022,2,8,21,38,43,7
29 de Diciembre de 2021,8,24,34,38,42,11
29 de Diciembre de 2021,16,17,24,26,28,4
25 de Diciembre de 2021,2,5,16,24,39,15
25 de Diciembre de 2021,14,15,26,28,40,14
22 de Diciembre de 2021,5,11,29,30,43,14
22 de Diciembre de 2021,5,20,35,38,43,2
18 de Diciembre de 2021,2,18,22,24,28,4
18 de Diciembre de 2021,3,16,22,26,40,12
15 de Diciembre de 2021,1,15,20,31,35,15
15 de Diciembre de 2021,7,25,34,42,43,2
11 de Diciembre de 2021,2,8,20,35,38,3
11 de Diciembre de 2021,9,16,19,29,39,1
8 de Diciembre de 2021,1,4,6,12,22,10
8 de Diciembre de 2021,9,25,33,35,40,7
4 de Diciembre de 2021,9,11,22,26,42,15
4 de Diciembre de 2021,25,27,31,42,43,14
1 de Diciembre de 2021,13,15,16,24,43,13
1 de Diciembre de 2021,9,11,15,20,35,2
27 de Noviembre de 2021,9,13,24,29,38,9
27 de Noviembre de 2021,6,20,24,30,40,16
24 de Noviembre de 2021,17,25,29,34,36,12
24 de Noviembre de 2021,4,7,19,33,39,8
20 de Noviembre de 2021,12,15,22,26,28,7
20 de Noviembre de 2021,1,4,12,13,33,13
17 de Noviembre de 2021,6,7,9,18,35,6
17 de Noviembre de 2021,1,11,22,32,33,12
13 de Noviembre de 2021,1,6,16,22,31,16
13 de Noviembre de 2021,11,12,28,29,32,13
10 de Noviembre de 2021,18,35,37,39,42,13
10 de Noviembre de 2021,5,7,23,34,43,11
6 de Noviembre de 2021,4,5,29,37,42,13
6 de Noviembre de 2021,3,19,26,32,43,11
3 de Noviembre de 2021,7,13,17,21,36,1
3 de Noviembre de 2021,4,12,35,39,43,14
30 de Octubre de 2021,17,19,21,24,40,11
30 de Octubre de 2021,12,19,31,42,43,2
27 de Octubre de 2021,12,14,18,28,40,8
27 de Octubre de 2021,6,9,16,17,26,6
23 de Octubre de 2021,2,5,7,20,34,14
23 de Octubre de 2021,1,2,18,19,23,7
20 de Octubre de 2021,11,14,15,22,25,16
20 de Octubre de 2021,13,14,18,21,39,13
16 de Octubre de 2021,2,8,11,13,22,15
16 de Octubre de 2021,6,10,25,26,27,6
13 de Octubre de 2021,1,2,11,15,33,12
13 de Octubre de 2021,2,10,15,22,25,6
9 de Octubre de 2021,5,15,27,34,35,4
9 de Octubre de 2021,4,8,12,27,41,6
6 de Octubre de 2021,5,20,22,32,35,16
6 de Octubre de 2021,10,20,25,30,36,16
2 de Octubre de 2021,1,16,24,36,42,11
2 de Octubre de 2021,19,30,38,39,41,1
29 de Septiembre de 2021,20,28,35,37,39,3
29 de Septiembre de 2021,4,9,13,18,25,9
25 de Septiembre de 2021,9,17,39,41,43,1
25 de Septiembre de 2021,6,7,23,36,43,10
22 de Septiembre de 2021,14,19,40,41,43,2
22 de Septiembre de 2021,8,23,27,33,42,9
18 de Septiembre de 2021,2,10,11,18,23,10
18 de Septiembre de 2021,12,24,34,37,40,8
15 de Septiembre de 2021,15,20,34,35,38,13
15 de Septiembre de 2021,4,22,28,35,37,16
11 de Septiembre de 2021,8,9,25,32,41,1
11 de Septiembre de 2021,7,12,27,35,41,8
8 de Septiembre de 2021,8,14,25,31,34,6
8 de Septiembre de 2021,11,19,28,32,36,6
4 de Septiembre de 2021,22,30,31,34,41,16
4 de Septiembre de 2021,8,15,30,36,41,14
1 de Septiembre de 2021,1,7,9,31,40,13
1 de Septiembre de 2021,7,12,20,23,32,1
28 de Agosto de 2021,8,18,21,30,43,5
28 de Agosto de 2021,3,20,27,40,43,1
25 de Agosto de 2021,7,18,20,22,34,11
25 de Agosto de 2021,3,7,9,17,39,8
21 de Agosto de 2021,12,14,18,37,40,2
21 de Agosto de 2021,8,13,22,24,30,10
18 de Agosto de 2021,8,12,15,31,38,14
18 de Agosto de 2021,6,9,19,37,39,15
14 de Agosto de 2021,10,14,32,35,42,13
14 de Agosto de 2021,15,21,31,32,33,6
11 de Agosto de 2021,2,9,24,26,42,5
11 de Agosto de 2021,3,11,22,27,39,2
7 de Agosto de 2021,14,18,20,39,41,5
7 de Agosto de 2021,1,6,21,34,40,7
4 de Agosto de 2021,6,10,15,33,42,16
4 de Agosto de 2021,1,8,19,29,40,7
31 de Julio de 2021,1,27,28,34,37,11
31 de Julio de 2021,2,9,17,24,25,8
28 de Julio de 2021,6,22,28,32,36,2
28 de Julio de 2021,8,19,28,36,40,14
24 de Julio de 2021,21,22,29,30,38,11
24 de Julio de 2021,3,13,16,36,40,5
21 de Julio de 2021,7,9,15,16,26,11
21 de Julio de 2021,3,7,23,35,36,10
17 de Julio de 2021,14,18,20,32,33,4
17 de Julio de 2021,15,16,24,26,40,9
14 de Julio de 2021,7,8,18,34,42,8
14 de Julio de 2021,20,24,27,29,36,1
10 de Julio de 2021,8,15,30,35,36,3
10 de Julio de 2021,3,5,25,27,36,14
7 de Julio de 2021,5,9,16,29,42,11
7 de Julio de 2021,5,17,21,26,31,7
3 de Julio de 2021,21,22,23,33,41,8
3 de Julio de 2021,1,9,13,22,29,14
30 de Junio de 2021,26,29,39,42,43,4
30 de Junio de 2021,23,28,35,37,38,15
26 de Junio de 2021,6,21,22,34,36,10
26 de Junio de 2021,4,14,31,32,43,16
23 de Junio de 2021,6,19,20,37,38,10
23 de Junio de 2021,15,16,17,39,41,9
19 de Junio de 2021,1,5,8,14,40,8
19 de Junio de 2021,5,8,14,26,33,3
16 de Junio de 2021,7,8,21,30,42,2
16 de Junio de 2021,2,6,28,34,38,11
12 de Junio de 2021,9,15,25,27,33,13
12 de Junio de 2021,18,19,25,26,43,9
9 de Junio de 2021,7,14,20,34,41,4
9 de Junio de 2021,6,7,26,27,41,15
5 de Junio de 2021,1,4,5,16,30,7
5 de Junio de 2021,1,9,10,13,27,8
2 de Junio de 2021,1,15,22,36,37,13
2 de Junio de 2021,3,5,22,26,35,3
29 de Mayo de 2021,8,12,18,40,43,4
29 de Mayo de 2021,1,8,18,29,40,2
26 de Mayo de 2021,3,9,12,34,35,13
26 de Mayo de 2021,5,16,31,32,33,14
22 de Mayo de 2021,8,29,32,34,42,5
22 de Mayo de 2021,2,9,13,35,39,12
19 de Mayo de 2021,9,12,16,21,30,1
19 de Mayo de 2021,13,20,29,39,40,16
15 de Mayo de 2021,3,5,25,30,42,8
15 de Mayo de 2021,17,26,31,35,38,10
12 de Mayo de 2021,4,23,28,29,31,16
12 de Mayo de 2021,4,6,8,9,16,5
8 de Mayo de 2021,4,8,9,28,37,11
8 de Mayo de 2021,5,10,24,29,41,11
5 de Mayo de 2021,2,5,10,23,34,7
5 de Mayo de 2021,3,15,17,29,32,16
1 de Mayo de 2021,22,23,27,28,30,3
1 de Mayo de 2021,1,16,34,41,43,2
5 de Mayo de 2021,2,5,10,23,34,7
5 de Mayo de 2021,3,15,17,29,32,16
1 de Mayo de 2021,22,23,27,28,30,3
1 de Mayo de 2021,1,16,34,41,43,2
5 de Mayo de 2021,2,5,10,23,34,7
5 de Mayo de 2021,3,15,17,29,32,16
1 de Mayo de 2021,22,23,27,28,30,3
1 de Mayo de 2021,1,16,34,41,43,2
5 de Mayo de 2021,2,5,10,23,34,7
5 de Mayo de 2021,3,15,17,29,32,16
1 de Mayo de 2021,22,23,27,28,30,3
1 de Mayo de 2021,1,16,34,41,43,2
5 de Mayo de 2021,2,5,10,23,34,7
5 de Mayo de 2021,3,15,17,29,32,16
1 de Mayo de 2021,22,23,27,28,30,3
1 de Mayo de 2021,1,16,34,41,43,2
5 de Mayo de 2021,2,5,10,23,34,7
5 de Mayo de 2021,3,15,17,29,32,16
1 de Mayo de 2021,22,23,27,28,30,3
1 de Mayo de 2021,1,16,34,41,43,2
5 de Mayo de 2021,2,5,10,23,34,7
5 de Mayo de 2021,3,15,17,29,32,16
1 de Mayo de 2021,22,23,27,28,30,3
1 de Mayo de 2021,1,16,34,41,43,2
5 de Mayo de 2021,2,5,10,23,34,7
5 de Mayo de 2021,3,15,17,29,32,16
1 de Mayo de 2021,22,23,27,28,30,3
1 de Mayo de 2021,1,16,34,41,43,2
5 de Mayo de 2021,2,5,10,23,34,7
5 de Mayo de 2021,3,15,17,29,32,16
1 de Mayo de 2021,22,23,27,28,30,3
1 de Mayo de 2021,1,16,34,41,43,2
5 de Mayo de 2021,2,5,10,23,34,7
5 de Mayo de 2021,3,15,17,29,32,16
1 de Mayo de 2021,22,23,27,28,30,3
1 de Mayo de 2021,1,16,34,41,43,2
5 de Mayo de 2021,2,5,10,23,34,7
5 de Mayo de 2021,3,15,17,29,32,16
1 de Mayo de 2021,22,23,27,28,30,3
1 de Mayo de 2021,1,16,34,41,43,2
5 de Mayo de 2021,2,5,10,23,34,7
5 de Mayo de 2021,3,15,17,29,32,16
1 de Mayo de 2021,22,23,27,28,30,3
1 de Mayo de 2021,1,16,34,41,43,2
5 de Mayo de 2021,2,5,10,23,34,7
5 de Mayo de 2021,3,15,17,29,32,16
1 de Mayo de 2021,22,23,27,28,30,3
1 de Mayo de 2021,1,16,34,41,43,2
5 de Mayo de 2021,2,5,10,23,34,7
5 de Mayo de 2021,3,15,17,29,32,16
1 de Mayo de 2021,22,23,27,28,30,3
1 de Mayo de 2021,1,16,34,41,43,2
5 de Mayo de 2021,2,5,10,23,34,7
5 de Mayo de 2021,3,15,17,29,32,16
1 de Mayo de 2021,22,23,27,28,30,3
1 de Mayo de 2021,1,16,34,41,43,2
5 de Mayo de 2021,2,5,10,23,34,7
5 de Mayo de 2021,3,15,17,29,32,16
1 de Mayo de 2021,22,23,27,28,30,3
1 de Mayo de 2021,1,16,34,41,43,2
5 de Mayo de 2021,2,5,10,23,34,7
5 de Mayo de 2021,3,15,17,29,32,16
1 de Mayo de 2021,22,23,27,28,30,3
1 de Mayo de 2021,1,16,34,41,43,2
5 de Mayo de 2021,2,5,10,23,34,7
5 de Mayo de 2021,3,15,17,29,32,16
1 de Mayo de 2021,22,23,27,28,30,3
1 de Mayo de 2021,1,16,34,41,43,2
5 de Mayo de 2021,2,5,10,23,34,7
5 de Mayo de 2021,3,15,17,29,32,16
1 de Mayo de 2021,22,23,27,28,30,3
1 de Mayo de 2021,1,16,34,41,43,2
5 de Mayo de 2021,2,5,10,23,34,7
5 de Mayo de 2021,3,15,17,29,32,16
1 de Mayo de 2021,22,23,27,28,30,3
1 de Mayo de 2021,1,16,34,41,43,2
5 de Mayo de 2021,2,5,10,23,34,7
5 de Mayo de 2021,3,15,17,29,32,16
1 de Mayo de 2021,22,23,27,28,30,3
1 de Mayo de 2021,1,16,34,41,43,2
5 de Mayo de 2021,2,5,10,23,34,7
5 de Mayo de 2021,3,15,17,29,32,16
1 de Mayo de 2021,22,23,27,28,30,3
1 de Mayo de 2021,1,16,34,41,43,2
5 de Mayo de 2021,2,5,10,23,34,7
5 de Mayo de 2021,3,15,17,29,32,16
1 de Mayo de 2021,22,23,27,28,30,3
1 de Mayo de 2021,1,16,34,41,43,2
5 de Mayo de 2021,2,5,10,23,34,7
5 de Mayo de 2021,3,15,17,29,32,16
1 de Mayo de 2021,22,23,27,28,30,3
1 de Mayo de 2021,1,16,34,41,43,2
5 de Mayo de 2021,2,5,10,23,34,7
5 de Mayo de 2021,3,15,17,29,32,16
1 de Mayo de 2021,22,23,27,28,30,3
1 de Mayo de 2021,1,16,34,41,43,2
5 de Mayo de 2021,2,5,10,23,34,7
5 de Mayo de 2021,3,15,17,29,32,16
1 de Mayo de 2021,22,23,27,28,30,3
1 de Mayo de 2021,1,16,34,41,43,2
5 de Mayo de 2021,2,5,10,23,34,7
5 de Mayo de 2021,3,15,17,29,32,16
1 de Mayo de 2021,22,23,27,28,30,3
1 de Mayo de 2021,1,16,34,41,43,2
5 de Mayo de 2021,2,5,10,23,34,7
5 de Mayo de 2021,3,15,17,29,32,16
1 de Mayo de 2021,22,23,27,28,30,3
1 de Mayo de 2021,1,16,34,41,43,2
5 de Mayo de 2021,2,5,10,23,34,7
5 de Mayo de 2021,3,15,17,29,32,16
1 de Mayo de 2021,22,23,27,28,30,3
1 de Mayo de 2021,1,16,34,41,43,2
5 de Mayo de 2021,2,5,10,23,34,7
5 de Mayo de 2021,3,15,17,29,32,16
1 de Mayo de 2021,22,23,27,28,30,3
1 de Mayo de 2021,1,16,34,41,43,2
5 de Mayo de 2021,2,5,10,23,34,7
5 de Mayo de 2021,3,15,17,29,32,16
1 de Mayo de 2021,22,23,27,28,30,3
1 de Mayo de 2021,1,16,34,41,43,2
5 de Mayo de 2021,2,5,10,23,34,7
5 de Mayo de 2021,3,15,17,29,32,16
1 de Mayo de 2021,22,23,27,28,30,3
1 de Mayo de 2021,1,16,34,41,43,2
5 de Mayo de 2021,2,5,10,23,34,7
5 de Mayo de 2021,3,15,17,29,32,16
1 de Mayo de 2021,22,23,27,28,30,3
1 de Mayo de 2021,1,16,34,41,43,2
5 de Mayo de 2021,2,5,10,23,34,7
5 de Mayo de 2021,3,15,17,29,32,16
1 de Mayo de 2021,22,23,27,28,30,3
1 de Mayo de 2021,1,16,34,41,43,2
5 de Mayo de 2021,2,5,10,23,34,7
5 de Mayo de 2021,3,15,17,29,32,16
1 de Mayo de 2021,22,23,27,28,30,3
1 de Mayo de 2021,1,16,34,41,43,2
5 de Mayo de 2021,2,5,10,23,34,7
5 de Mayo de 2021,3,15,17,29,32,16
1 de Mayo de 2021,22,23,27,28,30,3
1 de Mayo de 2021,1,16,34,41,43,2
5 de Mayo de 2021,2,5,10,23,34,7
5 de Mayo de 2021,3,15,17,29,32,16
1 de Mayo de 2021,22,23,27,28,30,3
1 de Mayo de 2021,1,16,34,41,43,2
