Año del Sorteo,Mes del Sorteo,Fecha del Sorteo,Lotería,Número del Sorteo,Numero billete ganador,Numero serie ganadora,Tipo de Premio
"2,020",2,3/02/2020,Sorteo Extra de Colombia,2179,2271,318,Mayor
"2,020",6,1/06/2020,Sorteo Extra de Colombia,2180,1179,54,Mayor
"2,020",7,26/07/2020,Sorteo Extra de Colombia,2182,8170,267,Mayor
"2,020",7,5/07/2020,Sorteo Extra de Colombia,2181,9452,315,Mayor
"2,020",8,31/08/2020,Sorteo Extra de Colombia,2183,6069,54,Mayor
"2,020",9,28/09/2020,Sorteo Extra de Colombia,2184,1025,9,Mayor
"2,020",11,3/11/2020,Sorteo Extra de Colombia,2185,8382,79,Mayor
"2,020",11,30/11/2020,Sorteo Extra de Colombia,2186,211,256,Mayor
"2,020",12,14/12/2020,Sorteo Extra de Colombia,2187,8468,261,Mayor
"2,020",2,3/02/2020,Sorteo Extra de Colombia,2179,3042,105,Secos
"2,020",6,1/06/2020,Sorteo Extra de Colombia,2180,7966,135,Secos
"2,020",7,26/07/2020,Sorteo Extra de Colombia,2182,121,77,Secos
"2,020",7,5/07/2020,Sorteo Extra de Colombia,2181,8176,134,Secos
"2,020",8,31/08/2020,Sorteo Extra de Colombia,2183,6003,140,Secos
"2,020",9,28/09/2020,Sorteo Extra de Colombia,2184,2983,142,Secos
"2,020",11,3/11/2020,Sorteo Extra de Colombia,2185,9703,32,Secos
"2,020",11,30/11/2020,Sorteo Extra de Colombia,2186,2105,108,Secos
"2,020",12,14/12/2020,Sorteo Extra de Colombia,2187,397,99,Secos
"2,020",2,3/02/2020,Sorteo Extra de Colombia,2179,282,39,Secos
"2,020",6,1/06/2020,Sorteo Extra de Colombia,2180,9408,182,Secos
"2,020",7,26/07/2020,Sorteo Extra de Colombia,2182,2117,24,Secos
"2,020",7,5/07/2020,Sorteo Extra de Colombia,2181,7808,151,Secos
"2,020",8,31/08/2020,Sorteo Extra de Colombia,2183,3565,108,Secos
"2,020",9,28/09/2020,Sorteo Extra de Colombia,2184,6715,17,Secos
"2,020",11,3/11/2020,Sorteo Extra de Colombia,2185,45,203,Secos
"2,020",11,30/11/2020,Sorteo Extra de Colombia,2186,8760,106,Secos
"2,020",12,14/12/2020,Sorteo Extra de Colombia,2187,5360,270,Secos
"2,020",2,3/02/2020,Sorteo Extra de Colombia,2179,3538,337,Secos
"2,020",2,3/02/2020,Sorteo Extra de Colombia,2179,7588,135,Secos
"2,020",2,3/02/2020,Sorteo Extra de Colombia,2179,8770,111,Secos
"2,020",2,3/02/2020,Sorteo Extra de Colombia,2179,4055,221,Secos
"2,020",6,1/06/2020,Sorteo Extra de Colombia,2180,2243,186,Secos
"2,020",6,1/06/2020,Sorteo Extra de Colombia,2180,1620,283,Secos
"2,020",6,1/06/2020,Sorteo Extra de Colombia,2180,4951,101,Secos
"2,020",6,1/06/2020,Sorteo Extra de Colombia,2180,2548,128,Secos
"2,020",7,26/07/2020,Sorteo Extra de Colombia,2182,6407,37,Secos
"2,020",7,5/07/2020,Sorteo Extra de Colombia,2181,1392,192,Secos
"2,020",7,26/07/2020,Sorteo Extra de Colombia,2182,1840,50,Secos
"2,020",7,26/07/2020,Sorteo Extra de Colombia,2182,3589,23,Secos
"2,020",7,5/07/2020,Sorteo Extra de Colombia,2181,5368,79,Secos
"2,020",7,26/07/2020,Sorteo Extra de Colombia,2182,3261,38,Secos
"2,020",7,5/07/2020,Sorteo Extra de Colombia,2181,6005,297,Secos
"2,020",7,5/07/2020,Sorteo Extra de Colombia,2181,331,329,Secos
"2,020",8,31/08/2020,Sorteo Extra de Colombia,2183,7627,247,Secos
"2,020",8,31/08/2020,Sorteo Extra de Colombia,2183,492,227,Secos
"2,020",8,31/08/2020,Sorteo Extra de Colombia,2183,6061,270,Secos
"2,020",8,31/08/2020,Sorteo Extra de Colombia,2183,749,143,Secos
"2,020",9,28/09/2020,Sorteo Extra de Colombia,2184,4901,17,Secos
"2,020",9,28/09/2020,Sorteo Extra de Colombia,2184,5220,67,Secos
"2,020",9,28/09/2020,Sorteo Extra de Colombia,2184,8322,325,Secos
"2,020",9,28/09/2020,Sorteo Extra de Colombia,2184,6098,291,Secos
"2,020",11,30/11/2020,Sorteo Extra de Colombia,2186,3911,84,Secos
"2,020",11,3/11/2020,Sorteo Extra de Colombia,2185,5801,0,Secos
"2,020",11,30/11/2020,Sorteo Extra de Colombia,2186,9787,255,Secos
"2,020",11,30/11/2020,Sorteo Extra de Colombia,2186,5031,248,Secos
"2,020",11,30/11/2020,Sorteo Extra de Colombia,2186,3831,258,Secos
"2,020",11,3/11/2020,Sorteo Extra de Colombia,2185,6336,320,Secos
"2,020",11,3/11/2020,Sorteo Extra de Colombia,2185,4534,258,Secos
"2,020",11,3/11/2020,Sorteo Extra de Colombia,2185,8834,285,Secos
"2,020",12,14/12/2020,Sorteo Extra de Colombia,2187,9823,115,Secos
"2,020",12,14/12/2020,Sorteo Extra de Colombia,2187,4665,267,Secos
"2,020",12,14/12/2020,Sorteo Extra de Colombia,2187,9188,108,Secos
"2,020",12,14/12/2020,Sorteo Extra de Colombia,2187,8849,179,Secos
"2,020",2,3/02/2020,Sorteo Extra de Colombia,2179,8432,27,Secos
"2,020",2,3/02/2020,Sorteo Extra de Colombia,2179,2492,270,Secos
"2,020",2,3/02/2020,Sorteo Extra de Colombia,2179,7095,325,Secos
"2,020",2,3/02/2020,Sorteo Extra de Colombia,2179,6029,247,Secos
"2,020",2,3/02/2020,Sorteo Extra de Colombia,2179,9879,258,Secos
"2,020",2,3/02/2020,Sorteo Extra de Colombia,2179,5581,28,Secos
"2,020",2,3/02/2020,Sorteo Extra de Colombia,2179,6436,23,Secos
"2,020",2,3/02/2020,Sorteo Extra de Colombia,2179,2305,133,Secos
"2,020",2,3/02/2020,Sorteo Extra de Colombia,2179,7998,330,Secos
"2,020",2,3/02/2020,Sorteo Extra de Colombia,2179,8439,88,Secos
"2,020",2,3/02/2020,Sorteo Extra de Colombia,2179,8969,285,Secos
"2,020",2,3/02/2020,Sorteo Extra de Colombia,2179,5278,26,Secos
"2,020",2,3/02/2020,Sorteo Extra de Colombia,2179,9997,33,Secos
"2,020",2,3/02/2020,Sorteo Extra de Colombia,2179,5395,152,Secos
"2,020",2,3/02/2020,Sorteo Extra de Colombia,2179,2460,19,Secos
"2,020",6,1/06/2020,Sorteo Extra de Colombia,2180,6043,131,Secos
"2,020",6,1/06/2020,Sorteo Extra de Colombia,2180,7372,187,Secos
"2,020",6,1/06/2020,Sorteo Extra de Colombia,2180,7712,67,Secos
"2,020",6,1/06/2020,Sorteo Extra de Colombia,2180,9434,144,Secos
"2,020",6,1/06/2020,Sorteo Extra de Colombia,2180,2333,260,Secos
"2,020",6,1/06/2020,Sorteo Extra de Colombia,2180,9152,150,Secos
"2,020",6,1/06/2020,Sorteo Extra de Colombia,2180,9427,52,Secos
"2,020",6,1/06/2020,Sorteo Extra de Colombia,2180,5156,47,Secos
"2,020",6,1/06/2020,Sorteo Extra de Colombia,2180,9693,32,Secos
"2,020",6,1/06/2020,Sorteo Extra de Colombia,2180,3860,185,Secos
"2,020",6,1/06/2020,Sorteo Extra de Colombia,2180,6515,65,Secos
"2,020",6,1/06/2020,Sorteo Extra de Colombia,2180,3668,238,Secos
"2,020",6,1/06/2020,Sorteo Extra de Colombia,2180,9851,153,Secos
"2,020",6,1/06/2020,Sorteo Extra de Colombia,2180,5190,262,Secos
"2,020",6,1/06/2020,Sorteo Extra de Colombia,2180,259,259,Secos
"2,020",7,26/07/2020,Sorteo Extra de Colombia,2182,3399,292,Secos
"2,020",7,26/07/2020,Sorteo Extra de Colombia,2182,8478,189,Secos
"2,020",7,26/07/2020,Sorteo Extra de Colombia,2182,79,209,Secos
"2,020",7,5/07/2020,Sorteo Extra de Colombia,2181,3785,318,Secos
"2,020",7,26/07/2020,Sorteo Extra de Colombia,2182,4095,286,Secos
"2,020",7,26/07/2020,Sorteo Extra de Colombia,2182,9664,30,Secos
"2,020",7,26/07/2020,Sorteo Extra de Colombia,2182,828,188,Secos
"2,020",7,5/07/2020,Sorteo Extra de Colombia,2181,2829,137,Secos
"2,020",7,5/07/2020,Sorteo Extra de Colombia,2181,5004,120,Secos
"2,020",7,26/07/2020,Sorteo Extra de Colombia,2182,5383,83,Secos
"2,020",7,26/07/2020,Sorteo Extra de Colombia,2182,7643,110,Secos
"2,020",7,26/07/2020,Sorteo Extra de Colombia,2182,1169,136,Secos
"2,020",7,5/07/2020,Sorteo Extra de Colombia,2181,5527,261,Secos
"2,020",7,26/07/2020,Sorteo Extra de Colombia,2182,7457,269,Secos
"2,020",7,5/07/2020,Sorteo Extra de Colombia,2181,3846,97,Secos
"2,020",7,5/07/2020,Sorteo Extra de Colombia,2181,6436,239,Secos
"2,020",7,26/07/2020,Sorteo Extra de Colombia,2182,4802,173,Secos
"2,020",7,5/07/2020,Sorteo Extra de Colombia,2181,5151,305,Secos
"2,020",7,26/07/2020,Sorteo Extra de Colombia,2182,2110,161,Secos
"2,020",7,26/07/2020,Sorteo Extra de Colombia,2182,2949,324,Secos
"2,020",7,5/07/2020,Sorteo Extra de Colombia,2181,5964,327,Secos
"2,020",7,5/07/2020,Sorteo Extra de Colombia,2181,4776,20,Secos
"2,020",7,26/07/2020,Sorteo Extra de Colombia,2182,8052,126,Secos
"2,020",7,5/07/2020,Sorteo Extra de Colombia,2181,5767,107,Secos
"2,020",7,5/07/2020,Sorteo Extra de Colombia,2181,5961,38,Secos
"2,020",7,26/07/2020,Sorteo Extra de Colombia,2182,7992,115,Secos
"2,020",7,5/07/2020,Sorteo Extra de Colombia,2181,2350,69,Secos
"2,020",7,5/07/2020,Sorteo Extra de Colombia,2181,7093,0,Secos
"2,020",7,5/07/2020,Sorteo Extra de Colombia,2181,4465,291,Secos
"2,020",7,5/07/2020,Sorteo Extra de Colombia,2181,5503,97,Secos
"2,020",8,31/08/2020,Sorteo Extra de Colombia,2183,7811,62,Secos
"2,020",8,31/08/2020,Sorteo Extra de Colombia,2183,1556,222,Secos
"2,020",8,31/08/2020,Sorteo Extra de Colombia,2183,8864,304,Secos
"2,020",8,31/08/2020,Sorteo Extra de Colombia,2183,9735,19,Secos
"2,020",8,31/08/2020,Sorteo Extra de Colombia,2183,1314,146,Secos
"2,020",8,31/08/2020,Sorteo Extra de Colombia,2183,3849,210,Secos
"2,020",8,31/08/2020,Sorteo Extra de Colombia,2183,9482,113,Secos
"2,020",8,31/08/2020,Sorteo Extra de Colombia,2183,7915,75,Secos
"2,020",8,31/08/2020,Sorteo Extra de Colombia,2183,8152,63,Secos
"2,020",8,31/08/2020,Sorteo Extra de Colombia,2183,3246,134,Secos
"2,020",8,31/08/2020,Sorteo Extra de Colombia,2183,9692,158,Secos
"2,020",8,31/08/2020,Sorteo Extra de Colombia,2183,7645,237,Secos
"2,020",8,31/08/2020,Sorteo Extra de Colombia,2183,2564,53,Secos
"2,020",8,31/08/2020,Sorteo Extra de Colombia,2183,143,154,Secos
"2,020",8,31/08/2020,Sorteo Extra de Colombia,2183,8489,145,Secos
"2,020",9,28/09/2020,Sorteo Extra de Colombia,2184,815,249,Secos
"2,020",9,28/09/2020,Sorteo Extra de Colombia,2184,3819,126,Secos
"2,020",9,28/09/2020,Sorteo Extra de Colombia,2184,842,24,Secos
"2,020",9,28/09/2020,Sorteo Extra de Colombia,2184,5525,206,Secos
"2,020",9,28/09/2020,Sorteo Extra de Colombia,2184,2462,65,Secos
"2,020",9,28/09/2020,Sorteo Extra de Colombia,2184,8892,239,Secos
"2,020",9,28/09/2020,Sorteo Extra de Colombia,2184,9392,261,Secos
"2,020",9,28/09/2020,Sorteo Extra de Colombia,2184,3381,310,Secos
"2,020",9,28/09/2020,Sorteo Extra de Colombia,2184,9457,59,Secos
"2,020",9,28/09/2020,Sorteo Extra de Colombia,2184,167,188,Secos
"2,020",9,28/09/2020,Sorteo Extra de Colombia,2184,4423,3,Secos
"2,020",9,28/09/2020,Sorteo Extra de Colombia,2184,7887,276,Secos
"2,020",9,28/09/2020,Sorteo Extra de Colombia,2184,9768,28,Secos
"2,020",9,28/09/2020,Sorteo Extra de Colombia,2184,997,295,Secos
"2,020",9,28/09/2020,Sorteo Extra de Colombia,2184,615,176,Secos
"2,020",11,30/11/2020,Sorteo Extra de Colombia,2186,8710,240,Secos
"2,020",11,30/11/2020,Sorteo Extra de Colombia,2186,8400,337,Secos
"2,020",11,3/11/2020,Sorteo Extra de Colombia,2185,237,312,Secos
"2,020",11,3/11/2020,Sorteo Extra de Colombia,2185,3474,186,Secos
"2,020",11,3/11/2020,Sorteo Extra de Colombia,2185,2624,264,Secos
"2,020",11,3/11/2020,Sorteo Extra de Colombia,2185,7797,266,Secos
"2,020",11,3/11/2020,Sorteo Extra de Colombia,2185,1866,74,Secos
"2,020",11,30/11/2020,Sorteo Extra de Colombia,2186,8988,40,Secos
"2,020",11,30/11/2020,Sorteo Extra de Colombia,2186,9448,127,Secos
"2,020",11,30/11/2020,Sorteo Extra de Colombia,2186,3172,173,Secos
"2,020",11,30/11/2020,Sorteo Extra de Colombia,2186,7862,127,Secos
"2,020",11,30/11/2020,Sorteo Extra de Colombia,2186,5904,187,Secos
"2,020",11,30/11/2020,Sorteo Extra de Colombia,2186,681,336,Secos
"2,020",11,3/11/2020,Sorteo Extra de Colombia,2185,3078,299,Secos
"2,020",11,3/11/2020,Sorteo Extra de Colombia,2185,3904,22,Secos
"2,020",11,3/11/2020,Sorteo Extra de Colombia,2185,6074,208,Secos
"2,020",11,30/11/2020,Sorteo Extra de Colombia,2186,5640,200,Secos
"2,020",11,30/11/2020,Sorteo Extra de Colombia,2186,3961,166,Secos
"2,020",11,30/11/2020,Sorteo Extra de Colombia,2186,2621,193,Secos
"2,020",11,3/11/2020,Sorteo Extra de Colombia,2185,6096,190,Secos
"2,020",11,30/11/2020,Sorteo Extra de Colombia,2186,7978,158,Secos
"2,020",11,3/11/2020,Sorteo Extra de Colombia,2185,7701,36,Secos
"2,020",11,3/11/2020,Sorteo Extra de Colombia,2185,1903,198,Secos
"2,020",11,3/11/2020,Sorteo Extra de Colombia,2185,5837,337,Secos
"2,020",11,3/11/2020,Sorteo Extra de Colombia,2185,2487,296,Secos
"2,020",11,3/11/2020,Sorteo Extra de Colombia,2185,5617,167,Secos
"2,020",11,3/11/2020,Sorteo Extra de Colombia,2185,1753,78,Secos
"2,020",11,30/11/2020,Sorteo Extra de Colombia,2186,4905,328,Secos
"2,020",11,30/11/2020,Sorteo Extra de Colombia,2186,7158,212,Secos
"2,020",11,30/11/2020,Sorteo Extra de Colombia,2186,6672,218,Secos
"2,020",12,14/12/2020,Sorteo Extra de Colombia,2187,33,165,Secos
"2,020",12,14/12/2020,Sorteo Extra de Colombia,2187,1747,252,Secos
"2,020",12,14/12/2020,Sorteo Extra de Colombia,2187,9484,197,Secos
"2,020",12,14/12/2020,Sorteo Extra de Colombia,2187,3016,142,Secos
"2,020",12,14/12/2020,Sorteo Extra de Colombia,2187,3575,318,Secos
"2,020",12,14/12/2020,Sorteo Extra de Colombia,2187,5258,138,Secos
"2,020",12,14/12/2020,Sorteo Extra de Colombia,2187,9516,176,Secos
"2,020",12,14/12/2020,Sorteo Extra de Colombia,2187,3489,100,Secos
"2,020",12,14/12/2020,Sorteo Extra de Colombia,2187,7477,233,Secos
"2,020",12,14/12/2020,Sorteo Extra de Colombia,2187,1321,26,Secos
"2,020",2,3/02/2020,Sorteo Extra de Colombia,2179,8287,49,Secos
"2,020",2,3/02/2020,Sorteo Extra de Colombia,2179,7436,52,Secos
"2,020",2,3/02/2020,Sorteo Extra de Colombia,2179,5512,205,Secos
"2,020",2,3/02/2020,Sorteo Extra de Colombia,2179,3329,72,Secos
"2,020",2,3/02/2020,Sorteo Extra de Colombia,2179,5975,263,Secos
"2,020",2,3/02/2020,Sorteo Extra de Colombia,2179,4755,88,Secos
"2,020",2,3/02/2020,Sorteo Extra de Colombia,2179,6345,146,Secos
"2,020",2,3/02/2020,Sorteo Extra de Colombia,2179,3757,2,Secos
"2,020",2,3/02/2020,Sorteo Extra de Colombia,2179,8505,73,Secos
"2,020",2,3/02/2020,Sorteo Extra de Colombia,2179,4897,191,Secos
"2,020",2,3/02/2020,Sorteo Extra de Colombia,2179,6592,100,Secos
"2,020",2,3/02/2020,Sorteo Extra de Colombia,2179,7424,68,Secos
"2,020",2,3/02/2020,Sorteo Extra de Colombia,2179,190,185,Secos
"2,020",2,3/02/2020,Sorteo Extra de Colombia,2179,6095,120,Secos
"2,020",2,3/02/2020,Sorteo Extra de Colombia,2179,8748,263,Secos
"2,020",2,3/02/2020,Sorteo Extra de Colombia,2179,6593,24,Secos
"2,020",2,3/02/2020,Sorteo Extra de Colombia,2179,6979,286,Secos
"2,020",2,3/02/2020,Sorteo Extra de Colombia,2179,6587,43,Secos
"2,020",2,3/02/2020,Sorteo Extra de Colombia,2179,2248,35,Secos
"2,020",2,3/02/2020,Sorteo Extra de Colombia,2179,3118,118,Secos
"2,020",2,3/02/2020,Sorteo Extra de Colombia,2179,2479,210,Secos
"2,020",2,3/02/2020,Sorteo Extra de Colombia,2179,7858,233,Secos
"2,020",2,3/02/2020,Sorteo Extra de Colombia,2179,1163,75,Secos
"2,020",2,3/02/2020,Sorteo Extra de Colombia,2179,1316,187,Secos
"2,020",2,3/02/2020,Sorteo Extra de Colombia,2179,1460,43,Secos
"2,020",2,3/02/2020,Sorteo Extra de Colombia,2179,6765,307,Secos
"2,020",2,3/02/2020,Sorteo Extra de Colombia,2179,8302,286,Secos
"2,020",2,3/02/2020,Sorteo Extra de Colombia,2179,8119,87,Secos
"2,020",2,3/02/2020,Sorteo Extra de Colombia,2179,2379,168,Secos
"2,020",2,3/02/2020,Sorteo Extra de Colombia,2179,3091,118,Secos
"2,020",6,1/06/2020,Sorteo Extra de Colombia,2180,1093,107,Secos
"2,020",6,1/06/2020,Sorteo Extra de Colombia,2180,3336,48,Secos
"2,020",6,1/06/2020,Sorteo Extra de Colombia,2180,7793,259,Secos
"2,020",6,1/06/2020,Sorteo Extra de Colombia,2180,2372,1,Secos
"2,020",6,1/06/2020,Sorteo Extra de Colombia,2180,4664,317,Secos
"2,020",6,1/06/2020,Sorteo Extra de Colombia,2180,4225,274,Secos
"2,020",6,1/06/2020,Sorteo Extra de Colombia,2180,8387,153,Secos
"2,020",6,1/06/2020,Sorteo Extra de Colombia,2180,2487,134,Secos
"2,020",6,1/06/2020,Sorteo Extra de Colombia,2180,6814,53,Secos
"2,020",6,1/06/2020,Sorteo Extra de Colombia,2180,8112,263,Secos
"2,020",6,1/06/2020,Sorteo Extra de Colombia,2180,4957,23,Secos
"2,020",6,1/06/2020,Sorteo Extra de Colombia,2180,9242,315,Secos
"2,020",6,1/06/2020,Sorteo Extra de Colombia,2180,5237,306,Secos
"2,020",6,1/06/2020,Sorteo Extra de Colombia,2180,456,264,Secos
"2,020",6,1/06/2020,Sorteo Extra de Colombia,2180,8484,86,Secos
"2,020",6,1/06/2020,Sorteo Extra de Colombia,2180,1688,256,Secos
"2,020",6,1/06/2020,Sorteo Extra de Colombia,2180,3656,41,Secos
"2,020",6,1/06/2020,Sorteo Extra de Colombia,2180,9076,304,Secos
"2,020",6,1/06/2020,Sorteo Extra de Colombia,2180,7751,21,Secos
"2,020",6,1/06/2020,Sorteo Extra de Colombia,2180,2104,201,Secos
"2,020",6,1/06/2020,Sorteo Extra de Colombia,2180,1022,73,Secos
"2,020",6,1/06/2020,Sorteo Extra de Colombia,2180,5310,108,Secos
"2,020",6,1/06/2020,Sorteo Extra de Colombia,2180,3404,54,Secos
"2,020",6,1/06/2020,Sorteo Extra de Colombia,2180,2854,35,Secos
"2,020",6,1/06/2020,Sorteo Extra de Colombia,2180,1015,201,Secos
"2,020",6,1/06/2020,Sorteo Extra de Colombia,2180,707,16,Secos
"2,020",6,1/06/2020,Sorteo Extra de Colombia,2180,4781,228,Secos
"2,020",6,1/06/2020,Sorteo Extra de Colombia,2180,2490,133,Secos
"2,020",6,1/06/2020,Sorteo Extra de Colombia,2180,850,192,Secos
"2,020",6,1/06/2020,Sorteo Extra de Colombia,2180,487,117,Secos
"2,020",7,5/07/2020,Sorteo Extra de Colombia,2181,2321,143,Secos
"2,020",7,5/07/2020,Sorteo Extra de Colombia,2181,5781,319,Secos
"2,020",7,5/07/2020,Sorteo Extra de Colombia,2181,6936,315,Secos
"2,020",7,26/07/2020,Sorteo Extra de Colombia,2182,5474,12,Secos
"2,020",7,26/07/2020,Sorteo Extra de Colombia,2182,3319,221,Secos
"2,020",7,26/07/2020,Sorteo Extra de Colombia,2182,4933,104,Secos
"2,020",7,5/07/2020,Sorteo Extra de Colombia,2181,8087,110,Secos
"2,020",7,5/07/2020,Sorteo Extra de Colombia,2181,6648,197,Secos
"2,020",7,5/07/2020,Sorteo Extra de Colombia,2181,7293,149,Secos
"2,020",7,5/07/2020,Sorteo Extra de Colombia,2181,9122,267,Secos
"2,020",7,5/07/2020,Sorteo Extra de Colombia,2181,4735,210,Secos
"2,020",7,5/07/2020,Sorteo Extra de Colombia,2181,7827,308,Secos
"2,020",7,26/07/2020,Sorteo Extra de Colombia,2182,5564,146,Secos
"2,020",7,26/07/2020,Sorteo Extra de Colombia,2182,2084,195,Secos
"2,020",7,26/07/2020,Sorteo Extra de Colombia,2182,7219,24,Secos
"2,020",7,26/07/2020,Sorteo Extra de Colombia,2182,6805,300,Secos
"2,020",7,26/07/2020,Sorteo Extra de Colombia,2182,9065,278,Secos
"2,020",7,26/07/2020,Sorteo Extra de Colombia,2182,7315,229,Secos
"2,020",7,26/07/2020,Sorteo Extra de Colombia,2182,3998,145,Secos
"2,020",7,26/07/2020,Sorteo Extra de Colombia,2182,8879,338,Secos
"2,020",7,26/07/2020,Sorteo Extra de Colombia,2182,5353,234,Secos
"2,020",7,26/07/2020,Sorteo Extra de Colombia,2182,7842,261,Secos
"2,020",7,26/07/2020,Sorteo Extra de Colombia,2182,1769,292,Secos
"2,020",7,26/07/2020,Sorteo Extra de Colombia,2182,572,1,Secos
"2,020",7,5/07/2020,Sorteo Extra de Colombia,2181,8425,121,Secos
"2,020",7,5/07/2020,Sorteo Extra de Colombia,2181,7654,267,Secos
"2,020",7,5/07/2020,Sorteo Extra de Colombia,2181,9960,143,Secos
"2,020",7,26/07/2020,Sorteo Extra de Colombia,2182,4577,275,Secos
"2,020",7,26/07/2020,Sorteo Extra de Colombia,2182,2430,236,Secos
"2,020",7,26/07/2020,Sorteo Extra de Colombia,2182,1228,38,Secos
"2,020",7,26/07/2020,Sorteo Extra de Colombia,2182,7909,285,Secos
"2,020",7,5/07/2020,Sorteo Extra de Colombia,2181,9529,217,Secos
"2,020",7,5/07/2020,Sorteo Extra de Colombia,2181,4988,335,Secos
"2,020",7,5/07/2020,Sorteo Extra de Colombia,2181,6365,224,Secos
"2,020",7,5/07/2020,Sorteo Extra de Colombia,2181,2822,17,Secos
"2,020",7,5/07/2020,Sorteo Extra de Colombia,2181,5053,310,Secos
"2,020",7,5/07/2020,Sorteo Extra de Colombia,2181,425,104,Secos
"2,020",7,5/07/2020,Sorteo Extra de Colombia,2181,578,156,Secos
"2,020",7,5/07/2020,Sorteo Extra de Colombia,2181,3693,298,Secos
"2,020",7,5/07/2020,Sorteo Extra de Colombia,2181,9177,234,Secos
"2,020",7,26/07/2020,Sorteo Extra de Colombia,2182,9019,58,Secos
"2,020",7,26/07/2020,Sorteo Extra de Colombia,2182,3574,106,Secos
"2,020",7,26/07/2020,Sorteo Extra de Colombia,2182,9610,193,Secos
"2,020",7,5/07/2020,Sorteo Extra de Colombia,2181,5517,228,Secos
"2,020",7,5/07/2020,Sorteo Extra de Colombia,2181,4532,328,Secos
"2,020",7,26/07/2020,Sorteo Extra de Colombia,2182,7058,301,Secos
"2,020",7,26/07/2020,Sorteo Extra de Colombia,2182,1508,0,Secos
"2,020",7,5/07/2020,Sorteo Extra de Colombia,2181,130,211,Secos
"2,020",7,5/07/2020,Sorteo Extra de Colombia,2181,3376,306,Secos
"2,020",7,5/07/2020,Sorteo Extra de Colombia,2181,4349,287,Secos
"2,020",7,5/07/2020,Sorteo Extra de Colombia,2181,7452,311,Secos
"2,020",7,5/07/2020,Sorteo Extra de Colombia,2181,4126,280,Secos
"2,020",7,26/07/2020,Sorteo Extra de Colombia,2182,7742,130,Secos
"2,020",7,26/07/2020,Sorteo Extra de Colombia,2182,9200,55,Secos
"2,020",7,26/07/2020,Sorteo Extra de Colombia,2182,1437,107,Secos
"2,020",7,5/07/2020,Sorteo Extra de Colombia,2181,8403,192,Secos
"2,020",7,26/07/2020,Sorteo Extra de Colombia,2182,9670,315,Secos
"2,020",7,26/07/2020,Sorteo Extra de Colombia,2182,8150,179,Secos
"2,020",7,5/07/2020,Sorteo Extra de Colombia,2181,5779,216,Secos
"2,020",7,26/07/2020,Sorteo Extra de Colombia,2182,502,96,Secos
"2,020",8,31/08/2020,Sorteo Extra de Colombia,2183,5622,85,Secos
"2,020",8,31/08/2020,Sorteo Extra de Colombia,2183,8100,210,Secos
"2,020",8,31/08/2020,Sorteo Extra de Colombia,2183,7819,249,Secos
"2,020",8,31/08/2020,Sorteo Extra de Colombia,2183,5681,184,Secos
"2,020",8,31/08/2020,Sorteo Extra de Colombia,2183,6586,74,Secos
"2,020",8,31/08/2020,Sorteo Extra de Colombia,2183,9353,27,Secos
"2,020",8,31/08/2020,Sorteo Extra de Colombia,2183,4482,292,Secos
"2,020",8,31/08/2020,Sorteo Extra de Colombia,2183,9033,123,Secos
"2,020",8,31/08/2020,Sorteo Extra de Colombia,2183,1573,338,Secos
"2,020",8,31/08/2020,Sorteo Extra de Colombia,2183,6095,13,Secos
"2,020",8,31/08/2020,Sorteo Extra de Colombia,2183,832,257,Secos
"2,020",8,31/08/2020,Sorteo Extra de Colombia,2183,269,99,Secos
"2,020",8,31/08/2020,Sorteo Extra de Colombia,2183,5902,171,Secos
"2,020",8,31/08/2020,Sorteo Extra de Colombia,2183,4231,152,Secos
"2,020",8,31/08/2020,Sorteo Extra de Colombia,2183,9165,120,Secos
"2,020",8,31/08/2020,Sorteo Extra de Colombia,2183,3729,278,Secos
"2,020",8,31/08/2020,Sorteo Extra de Colombia,2183,2906,267,Secos
"2,020",8,31/08/2020,Sorteo Extra de Colombia,2183,419,126,Secos
"2,020",8,31/08/2020,Sorteo Extra de Colombia,2183,388,40,Secos
"2,020",8,31/08/2020,Sorteo Extra de Colombia,2183,832,325,Secos
"2,020",8,31/08/2020,Sorteo Extra de Colombia,2183,8783,42,Secos
"2,020",8,31/08/2020,Sorteo Extra de Colombia,2183,5166,68,Secos
"2,020",8,31/08/2020,Sorteo Extra de Colombia,2183,1160,167,Secos
"2,020",8,31/08/2020,Sorteo Extra de Colombia,2183,1003,202,Secos
"2,020",8,31/08/2020,Sorteo Extra de Colombia,2183,5313,125,Secos
"2,020",8,31/08/2020,Sorteo Extra de Colombia,2183,9858,172,Secos
"2,020",8,31/08/2020,Sorteo Extra de Colombia,2183,6083,323,Secos
"2,020",8,31/08/2020,Sorteo Extra de Colombia,2183,2707,22,Secos
"2,020",8,31/08/2020,Sorteo Extra de Colombia,2183,875,199,Secos
"2,020",8,31/08/2020,Sorteo Extra de Colombia,2183,1716,37,Secos
"2,020",9,28/09/2020,Sorteo Extra de Colombia,2184,8692,167,Secos
"2,020",9,28/09/2020,Sorteo Extra de Colombia,2184,7115,284,Secos
"2,020",9,28/09/2020,Sorteo Extra de Colombia,2184,7457,261,Secos
"2,020",9,28/09/2020,Sorteo Extra de Colombia,2184,6784,302,Secos
"2,020",9,28/09/2020,Sorteo Extra de Colombia,2184,1141,281,Secos
"2,020",9,28/09/2020,Sorteo Extra de Colombia,2184,1924,270,Secos
"2,020",9,28/09/2020,Sorteo Extra de Colombia,2184,454,276,Secos
"2,020",9,28/09/2020,Sorteo Extra de Colombia,2184,5335,49,Secos
"2,020",9,28/09/2020,Sorteo Extra de Colombia,2184,1910,16,Secos
"2,020",9,28/09/2020,Sorteo Extra de Colombia,2184,3674,140,Secos
"2,020",9,28/09/2020,Sorteo Extra de Colombia,2184,8433,137,Secos
"2,020",9,28/09/2020,Sorteo Extra de Colombia,2184,8800,95,Secos
"2,020",9,28/09/2020,Sorteo Extra de Colombia,2184,702,100,Secos
"2,020",9,28/09/2020,Sorteo Extra de Colombia,2184,9275,46,Secos
"2,020",9,28/09/2020,Sorteo Extra de Colombia,2184,6889,195,Secos
"2,020",9,28/09/2020,Sorteo Extra de Colombia,2184,2406,104,Secos
"2,020",9,28/09/2020,Sorteo Extra de Colombia,2184,2241,111,Secos
"2,020",9,28/09/2020,Sorteo Extra de Colombia,2184,5389,128,Secos
"2,020",9,28/09/2020,Sorteo Extra de Colombia,2184,1371,67,Secos
"2,020",9,28/09/2020,Sorteo Extra de Colombia,2184,6050,128,Secos
"2,020",9,28/09/2020,Sorteo Extra de Colombia,2184,1528,0,Secos
"2,020",9,28/09/2020,Sorteo Extra de Colombia,2184,4243,271,Secos
"2,020",9,28/09/2020,Sorteo Extra de Colombia,2184,5939,305,Secos
"2,020",9,28/09/2020,Sorteo Extra de Colombia,2184,296,67,Secos
"2,020",9,28/09/2020,Sorteo Extra de Colombia,2184,4426,112,Secos
"2,020",9,28/09/2020,Sorteo Extra de Colombia,2184,2553,180,Secos
"2,020",9,28/09/2020,Sorteo Extra de Colombia,2184,5463,14,Secos
"2,020",9,28/09/2020,Sorteo Extra de Colombia,2184,4021,247,Secos
"2,020",9,28/09/2020,Sorteo Extra de Colombia,2184,4961,254,Secos
"2,020",9,28/09/2020,Sorteo Extra de Colombia,2184,3537,292,Secos
"2,020",11,3/11/2020,Sorteo Extra de Colombia,2185,2767,287,Secos
"2,020",11,3/11/2020,Sorteo Extra de Colombia,2185,5436,126,Secos
"2,020",11,3/11/2020,Sorteo Extra de Colombia,2185,6445,41,Secos
"2,020",11,3/11/2020,Sorteo Extra de Colombia,2185,3571,227,Secos
"2,020",11,30/11/2020,Sorteo Extra de Colombia,2186,6382,144,Secos
"2,020",11,30/11/2020,Sorteo Extra de Colombia,2186,7584,268,Secos
"2,020",11,30/11/2020,Sorteo Extra de Colombia,2186,9502,231,Secos
"2,020",11,30/11/2020,Sorteo Extra de Colombia,2186,5538,263,Secos
"2,020",11,30/11/2020,Sorteo Extra de Colombia,2186,1293,117,Secos
"2,020",11,30/11/2020,Sorteo Extra de Colombia,2186,4276,104,Secos
"2,020",11,30/11/2020,Sorteo Extra de Colombia,2186,1237,33,Secos
"2,020",11,3/11/2020,Sorteo Extra de Colombia,2185,9684,82,Secos
"2,020",11,30/11/2020,Sorteo Extra de Colombia,2186,161,190,Secos
"2,020",11,3/11/2020,Sorteo Extra de Colombia,2185,683,199,Secos
"2,020",11,30/11/2020,Sorteo Extra de Colombia,2186,4139,267,Secos
"2,020",11,30/11/2020,Sorteo Extra de Colombia,2186,2369,269,Secos
"2,020",11,30/11/2020,Sorteo Extra de Colombia,2186,334,63,Secos
"2,020",11,3/11/2020,Sorteo Extra de Colombia,2185,9661,9,Secos
"2,020",11,30/11/2020,Sorteo Extra de Colombia,2186,3893,45,Secos
"2,020",11,3/11/2020,Sorteo Extra de Colombia,2185,9911,136,Secos
"2,020",11,30/11/2020,Sorteo Extra de Colombia,2186,4991,254,Secos
"2,020",11,3/11/2020,Sorteo Extra de Colombia,2185,9747,298,Secos
"2,020",11,30/11/2020,Sorteo Extra de Colombia,2186,9313,34,Secos
"2,020",11,30/11/2020,Sorteo Extra de Colombia,2186,4233,79,Secos
"2,020",11,30/11/2020,Sorteo Extra de Colombia,2186,4330,247,Secos
"2,020",11,30/11/2020,Sorteo Extra de Colombia,2186,7804,268,Secos
"2,020",11,30/11/2020,Sorteo Extra de Colombia,2186,5575,154,Secos
"2,020",11,30/11/2020,Sorteo Extra de Colombia,2186,2243,7,Secos
"2,020",11,30/11/2020,Sorteo Extra de Colombia,2186,8746,120,Secos
"2,020",11,3/11/2020,Sorteo Extra de Colombia,2185,4710,290,Secos
"2,020",11,3/11/2020,Sorteo Extra de Colombia,2185,2876,124,Secos
"2,020",11,3/11/2020,Sorteo Extra de Colombia,2185,563,212,Secos
"2,020",11,3/11/2020,Sorteo Extra de Colombia,2185,88,110,Secos
"2,020",11,30/11/2020,Sorteo Extra de Colombia,2186,4514,84,Secos
"2,020",11,30/11/2020,Sorteo Extra de Colombia,2186,4969,240,Secos
"2,020",11,30/11/2020,Sorteo Extra de Colombia,2186,4627,51,Secos
"2,020",11,30/11/2020,Sorteo Extra de Colombia,2186,4963,316,Secos
"2,020",11,30/11/2020,Sorteo Extra de Colombia,2186,9410,254,Secos
"2,020",11,30/11/2020,Sorteo Extra de Colombia,2186,4585,59,Secos
"2,020",11,3/11/2020,Sorteo Extra de Colombia,2185,1230,14,Secos
"2,020",11,3/11/2020,Sorteo Extra de Colombia,2185,8171,51,Secos
"2,020",11,30/11/2020,Sorteo Extra de Colombia,2186,5706,227,Secos
"2,020",11,3/11/2020,Sorteo Extra de Colombia,2185,7930,153,Secos
"2,020",11,3/11/2020,Sorteo Extra de Colombia,2185,4048,78,Secos
"2,020",11,30/11/2020,Sorteo Extra de Colombia,2186,9275,169,Secos
"2,020",11,3/11/2020,Sorteo Extra de Colombia,2185,139,64,Secos
"2,020",11,3/11/2020,Sorteo Extra de Colombia,2185,8654,15,Secos
"2,020",11,3/11/2020,Sorteo Extra de Colombia,2185,1746,96,Secos
"2,020",11,3/11/2020,Sorteo Extra de Colombia,2185,7466,324,Secos
"2,020",11,30/11/2020,Sorteo Extra de Colombia,2186,3293,235,Secos
"2,020",11,30/11/2020,Sorteo Extra de Colombia,2186,1777,73,Secos
"2,020",11,3/11/2020,Sorteo Extra de Colombia,2185,5081,46,Secos
"2,020",11,3/11/2020,Sorteo Extra de Colombia,2185,549,236,Secos
"2,020",11,3/11/2020,Sorteo Extra de Colombia,2185,114,87,Secos
"2,020",11,3/11/2020,Sorteo Extra de Colombia,2185,4210,323,Secos
"2,020",11,3/11/2020,Sorteo Extra de Colombia,2185,2878,250,Secos
"2,020",11,3/11/2020,Sorteo Extra de Colombia,2185,9476,38,Secos
"2,020",11,3/11/2020,Sorteo Extra de Colombia,2185,2336,252,Secos
"2,020",11,3/11/2020,Sorteo Extra de Colombia,2185,4818,101,Secos
"2,020",11,3/11/2020,Sorteo Extra de Colombia,2185,2863,215,Secos
"2,020",12,14/12/2020,Sorteo Extra de Colombia,2187,9764,303,Secos
"2,020",12,14/12/2020,Sorteo Extra de Colombia,2187,2115,201,Secos
"2,020",12,14/12/2020,Sorteo Extra de Colombia,2187,6516,199,Secos
"2,020",12,14/12/2020,Sorteo Extra de Colombia,2187,2549,292,Secos
"2,020",12,14/12/2020,Sorteo Extra de Colombia,2187,3272,4,Secos
"2,020",12,14/12/2020,Sorteo Extra de Colombia,2187,4726,330,Secos
"2,020",12,14/12/2020,Sorteo Extra de Colombia,2187,2707,213,Secos
"2,020",12,14/12/2020,Sorteo Extra de Colombia,2187,3029,255,Secos
"2,020",12,14/12/2020,Sorteo Extra de Colombia,2187,594,313,Secos
"2,020",12,14/12/2020,Sorteo Extra de Colombia,2187,4544,10,Secos
"2,020",12,14/12/2020,Sorteo Extra de Colombia,2187,7630,144,Secos
"2,020",12,14/12/2020,Sorteo Extra de Colombia,2187,99,162,Secos
"2,020",12,14/12/2020,Sorteo Extra de Colombia,2187,1193,312,Secos
"2,020",12,14/12/2020,Sorteo Extra de Colombia,2187,9034,139,Secos
"2,020",12,14/12/2020,Sorteo Extra de Colombia,2187,9573,307,Secos
"2,020",12,14/12/2020,Sorteo Extra de Colombia,2187,9561,67,Secos
"2,020",12,14/12/2020,Sorteo Extra de Colombia,2187,354,212,Secos
"2,020",12,14/12/2020,Sorteo Extra de Colombia,2187,1024,86,Secos
"2,020",12,14/12/2020,Sorteo Extra de Colombia,2187,9767,301,Secos
"2,020",12,14/12/2020,Sorteo Extra de Colombia,2187,7813,221,Secos
"2,021",2,1/02/2021,Sorteo Extra de Colombia,2188,7962,55,Mayor
"2,021",3,29/03/2021,Sorteo Extra de Colombia,2190,6393,140,Mayor
"2,021",3,1/03/2021,Sorteo Extra de Colombia,2189,4008,84,Mayor
"2,021",4,26/04/2021,Sorteo Extra de Colombia,2191,8367,278,Mayor
"2,021",6,1/06/2021,Sorteo Extra de Colombia,2192,7631,196,Mayor
"2,021",7,1/07/2021,Sorteo Extra de Colombia,2193,7981,294,Mayor
"2,021",8,2/08/2021,Sorteo Extra de Colombia,2194,6230,325,Mayor
"2,021",8,30/08/2021,Sorteo Extra de Colombia,2195,3714,130,Mayor
"2,021",9,27/09/2021,Sorteo Extra de Colombia,2196,9735,2,Mayor
"2,021",11,2/11/2021,Sorteo Extra de Colombia,2197,9154,359,Mayor
"2,021",11,29/11/2021,Sorteo Extra de Colombia,2198,1784,59,Mayor
"2,021",12,31/12/2021,Sorteo Extra de Colombia,2199,2311,257,Mayor
"2,021",2,1/02/2021,Sorteo Extra de Colombia,2188,632,223,Secos
"2,021",3,1/03/2021,Sorteo Extra de Colombia,2189,445,297,Secos
"2,021",3,29/03/2021,Sorteo Extra de Colombia,2190,3832,49,Secos
"2,021",4,26/04/2021,Sorteo Extra de Colombia,2191,3173,119,Secos
"2,021",6,1/06/2021,Sorteo Extra de Colombia,2192,8955,300,Secos
"2,021",7,1/07/2021,Sorteo Extra de Colombia,2193,9803,78,Secos
"2,021",8,2/08/2021,Sorteo Extra de Colombia,2194,4073,38,Secos
"2,021",8,30/08/2021,Sorteo Extra de Colombia,2195,9839,206,Secos
"2,021",9,27/09/2021,Sorteo Extra de Colombia,2196,7306,140,Secos
"2,021",11,29/11/2021,Sorteo Extra de Colombia,2198,619,218,Secos
"2,021",11,2/11/2021,Sorteo Extra de Colombia,2197,6688,214,Secos
"2,021",12,31/12/2021,Sorteo Extra de Colombia,2199,2450,99,Secos
"2,021",2,1/02/2021,Sorteo Extra de Colombia,2188,2480,47,Secos
"2,021",3,1/03/2021,Sorteo Extra de Colombia,2189,9519,112,Secos
"2,021",3,29/03/2021,Sorteo Extra de Colombia,2190,4475,34,Secos
"2,021",4,26/04/2021,Sorteo Extra de Colombia,2191,6408,161,Secos
"2,021",6,1/06/2021,Sorteo Extra de Colombia,2192,1629,270,Secos
"2,021",7,1/07/2021,Sorteo Extra de Colombia,2193,2669,79,Secos
"2,021",8,30/08/2021,Sorteo Extra de Colombia,2195,8194,99,Secos
"2,021",8,2/08/2021,Sorteo Extra de Colombia,2194,7567,29,Secos
"2,021",9,27/09/2021,Sorteo Extra de Colombia,2196,541,343,Secos
"2,021",11,29/11/2021,Sorteo Extra de Colombia,2198,5019,220,Secos
"2,021",11,2/11/2021,Sorteo Extra de Colombia,2197,6426,299,Secos
"2,021",12,31/12/2021,Sorteo Extra de Colombia,2199,2275,297,Secos
"2,021",12,31/12/2021,Sorteo Extra de Colombia,2199,9652,245,Secos
"2,021",2,1/02/2021,Sorteo Extra de Colombia,2188,1787,64,Secos
"2,021",2,1/02/2021,Sorteo Extra de Colombia,2188,9067,149,Secos
"2,021",2,1/02/2021,Sorteo Extra de Colombia,2188,8160,115,Secos
"2,021",2,1/02/2021,Sorteo Extra de Colombia,2188,3146,13,Secos
"2,021",3,29/03/2021,Sorteo Extra de Colombia,2190,4510,324,Secos
"2,021",3,1/03/2021,Sorteo Extra de Colombia,2189,7144,42,Secos
"2,021",3,1/03/2021,Sorteo Extra de Colombia,2189,8101,290,Secos
"2,021",3,1/03/2021,Sorteo Extra de Colombia,2189,28,306,Secos
"2,021",3,1/03/2021,Sorteo Extra de Colombia,2189,9316,115,Secos
"2,021",3,29/03/2021,Sorteo Extra de Colombia,2190,4361,97,Secos
"2,021",3,29/03/2021,Sorteo Extra de Colombia,2190,8196,3,Secos
"2,021",3,29/03/2021,Sorteo Extra de Colombia,2190,7382,337,Secos
"2,021",4,26/04/2021,Sorteo Extra de Colombia,2191,2708,53,Secos
"2,021",4,26/04/2021,Sorteo Extra de Colombia,2191,9413,135,Secos
"2,021",4,26/04/2021,Sorteo Extra de Colombia,2191,6512,209,Secos
"2,021",4,26/04/2021,Sorteo Extra de Colombia,2191,4240,116,Secos
"2,021",6,1/06/2021,Sorteo Extra de Colombia,2192,3774,214,Secos
"2,021",6,1/06/2021,Sorteo Extra de Colombia,2192,2009,135,Secos
"2,021",6,1/06/2021,Sorteo Extra de Colombia,2192,3121,196,Secos
"2,021",6,1/06/2021,Sorteo Extra de Colombia,2192,459,187,Secos
"2,021",7,1/07/2021,Sorteo Extra de Colombia,2193,2721,206,Secos
"2,021",7,1/07/2021,Sorteo Extra de Colombia,2193,4438,334,Secos
"2,021",7,1/07/2021,Sorteo Extra de Colombia,2193,4680,1,Secos
"2,021",7,1/07/2021,Sorteo Extra de Colombia,2193,6177,218,Secos
"2,021",8,30/08/2021,Sorteo Extra de Colombia,2195,352,282,Secos
"2,021",8,30/08/2021,Sorteo Extra de Colombia,2195,1218,21,Secos
"2,021",8,30/08/2021,Sorteo Extra de Colombia,2195,5775,310,Secos
"2,021",8,30/08/2021,Sorteo Extra de Colombia,2195,7492,109,Secos
"2,021",8,2/08/2021,Sorteo Extra de Colombia,2194,9525,130,Secos
"2,021",8,2/08/2021,Sorteo Extra de Colombia,2194,2944,185,Secos
"2,021",8,2/08/2021,Sorteo Extra de Colombia,2194,4445,245,Secos
"2,021",8,2/08/2021,Sorteo Extra de Colombia,2194,6547,294,Secos
"2,021",9,27/09/2021,Sorteo Extra de Colombia,2196,6944,190,Secos
"2,021",9,27/09/2021,Sorteo Extra de Colombia,2196,9848,122,Secos
"2,021",11,29/11/2021,Sorteo Extra de Colombia,2198,8411,345,Secos
"2,021",11,2/11/2021,Sorteo Extra de Colombia,2197,8567,1,Secos
"2,021",11,2/11/2021,Sorteo Extra de Colombia,2197,3984,119,Secos
"2,021",11,29/11/2021,Sorteo Extra de Colombia,2198,8533,103,Secos
"2,021",12,31/12/2021,Sorteo Extra de Colombia,2199,3258,120,Secos
"2,021",12,31/12/2021,Sorteo Extra de Colombia,2199,7629,24,Secos
"2,021",2,1/02/2021,Sorteo Extra de Colombia,2188,6100,113,Secos
"2,021",2,1/02/2021,Sorteo Extra de Colombia,2188,9858,129,Secos
"2,021",2,1/02/2021,Sorteo Extra de Colombia,2188,4073,174,Secos
"2,021",2,1/02/2021,Sorteo Extra de Colombia,2188,8493,264,Secos
"2,021",2,1/02/2021,Sorteo Extra de Colombia,2188,1818,113,Secos
"2,021",2,1/02/2021,Sorteo Extra de Colombia,2188,6312,178,Secos
"2,021",2,1/02/2021,Sorteo Extra de Colombia,2188,6358,188,Secos
"2,021",2,1/02/2021,Sorteo Extra de Colombia,2188,1455,150,Secos
"2,021",2,1/02/2021,Sorteo Extra de Colombia,2188,8299,23,Secos
"2,021",2,1/02/2021,Sorteo Extra de Colombia,2188,3881,137,Secos
"2,021",2,1/02/2021,Sorteo Extra de Colombia,2188,4083,24,Secos
"2,021",2,1/02/2021,Sorteo Extra de Colombia,2188,7635,327,Secos
"2,021",2,1/02/2021,Sorteo Extra de Colombia,2188,7017,171,Secos
"2,021",2,1/02/2021,Sorteo Extra de Colombia,2188,7492,259,Secos
"2,021",2,1/02/2021,Sorteo Extra de Colombia,2188,8721,213,Secos
"2,021",3,29/03/2021,Sorteo Extra de Colombia,2190,8121,105,Secos
"2,021",3,1/03/2021,Sorteo Extra de Colombia,2189,8696,62,Secos
"2,021",3,1/03/2021,Sorteo Extra de Colombia,2189,2024,222,Secos
"2,021",3,29/03/2021,Sorteo Extra de Colombia,2190,4562,73,Secos
"2,021",3,1/03/2021,Sorteo Extra de Colombia,2189,8373,6,Secos
"2,021",3,29/03/2021,Sorteo Extra de Colombia,2190,7311,183,Secos
"2,021",3,1/03/2021,Sorteo Extra de Colombia,2189,6056,189,Secos
"2,021",3,1/03/2021,Sorteo Extra de Colombia,2189,713,42,Secos
"2,021",3,1/03/2021,Sorteo Extra de Colombia,2189,1682,265,Secos
"2,021",3,29/03/2021,Sorteo Extra de Colombia,2190,4102,35,Secos
"2,021",3,29/03/2021,Sorteo Extra de Colombia,2190,3624,130,Secos
"2,021",3,29/03/2021,Sorteo Extra de Colombia,2190,8589,169,Secos
"2,021",3,29/03/2021,Sorteo Extra de Colombia,2190,9231,208,Secos
"2,021",3,1/03/2021,Sorteo Extra de Colombia,2189,3081,78,Secos
"2,021",3,1/03/2021,Sorteo Extra de Colombia,2189,8290,87,Secos
"2,021",3,1/03/2021,Sorteo Extra de Colombia,2189,1354,58,Secos
"2,021",3,1/03/2021,Sorteo Extra de Colombia,2189,940,228,Secos
"2,021",3,29/03/2021,Sorteo Extra de Colombia,2190,4961,167,Secos
"2,021",3,29/03/2021,Sorteo Extra de Colombia,2190,4809,4,Secos
"2,021",3,29/03/2021,Sorteo Extra de Colombia,2190,2344,258,Secos
"2,021",3,1/03/2021,Sorteo Extra de Colombia,2189,519,88,Secos
"2,021",3,29/03/2021,Sorteo Extra de Colombia,2190,8192,75,Secos
"2,021",3,29/03/2021,Sorteo Extra de Colombia,2190,199,71,Secos
"2,021",3,29/03/2021,Sorteo Extra de Colombia,2190,2974,74,Secos
"2,021",3,29/03/2021,Sorteo Extra de Colombia,2190,4294,327,Secos
"2,021",3,1/03/2021,Sorteo Extra de Colombia,2189,8270,51,Secos
"2,021",3,1/03/2021,Sorteo Extra de Colombia,2189,8182,59,Secos
"2,021",3,1/03/2021,Sorteo Extra de Colombia,2189,5280,154,Secos
"2,021",3,29/03/2021,Sorteo Extra de Colombia,2190,1447,303,Secos
"2,021",3,1/03/2021,Sorteo Extra de Colombia,2189,8952,329,Secos
"2,021",4,26/04/2021,Sorteo Extra de Colombia,2191,6385,63,Secos
"2,021",4,26/04/2021,Sorteo Extra de Colombia,2191,4085,226,Secos
"2,021",4,26/04/2021,Sorteo Extra de Colombia,2191,4305,168,Secos
"2,021",4,26/04/2021,Sorteo Extra de Colombia,2191,3113,304,Secos
"2,021",4,26/04/2021,Sorteo Extra de Colombia,2191,5258,314,Secos
"2,021",4,26/04/2021,Sorteo Extra de Colombia,2191,2785,34,Secos
"2,021",4,26/04/2021,Sorteo Extra de Colombia,2191,1608,71,Secos
"2,021",4,26/04/2021,Sorteo Extra de Colombia,2191,5964,143,Secos
"2,021",4,26/04/2021,Sorteo Extra de Colombia,2191,1350,156,Secos
"2,021",4,26/04/2021,Sorteo Extra de Colombia,2191,4517,255,Secos
"2,021",4,26/04/2021,Sorteo Extra de Colombia,2191,9420,315,Secos
"2,021",4,26/04/2021,Sorteo Extra de Colombia,2191,9368,313,Secos
"2,021",4,26/04/2021,Sorteo Extra de Colombia,2191,6389,101,Secos
"2,021",4,26/04/2021,Sorteo Extra de Colombia,2191,3342,249,Secos
"2,021",4,26/04/2021,Sorteo Extra de Colombia,2191,7482,120,Secos
"2,021",6,1/06/2021,Sorteo Extra de Colombia,2192,1507,181,Secos
"2,021",6,1/06/2021,Sorteo Extra de Colombia,2192,2980,328,Secos
"2,021",6,1/06/2021,Sorteo Extra de Colombia,2192,9471,78,Secos
"2,021",6,1/06/2021,Sorteo Extra de Colombia,2192,6236,141,Secos
"2,021",6,1/06/2021,Sorteo Extra de Colombia,2192,6650,190,Secos
"2,021",6,1/06/2021,Sorteo Extra de Colombia,2192,8354,211,Secos
"2,021",6,1/06/2021,Sorteo Extra de Colombia,2192,7410,233,Secos
"2,021",6,1/06/2021,Sorteo Extra de Colombia,2192,144,105,Secos
"2,021",6,1/06/2021,Sorteo Extra de Colombia,2192,1217,195,Secos
"2,021",6,1/06/2021,Sorteo Extra de Colombia,2192,8684,169,Secos
"2,021",6,1/06/2021,Sorteo Extra de Colombia,2192,2005,323,Secos
"2,021",6,1/06/2021,Sorteo Extra de Colombia,2192,6219,81,Secos
"2,021",6,1/06/2021,Sorteo Extra de Colombia,2192,5956,297,Secos
"2,021",6,1/06/2021,Sorteo Extra de Colombia,2192,8084,320,Secos
"2,021",6,1/06/2021,Sorteo Extra de Colombia,2192,7652,23,Secos
"2,021",7,1/07/2021,Sorteo Extra de Colombia,2193,997,68,Secos
"2,021",7,1/07/2021,Sorteo Extra de Colombia,2193,1719,286,Secos
"2,021",7,1/07/2021,Sorteo Extra de Colombia,2193,8165,291,Secos
"2,021",7,1/07/2021,Sorteo Extra de Colombia,2193,2390,2,Secos
"2,021",7,1/07/2021,Sorteo Extra de Colombia,2193,9106,99,Secos
"2,021",7,1/07/2021,Sorteo Extra de Colombia,2193,5950,69,Secos
"2,021",7,1/07/2021,Sorteo Extra de Colombia,2193,4418,96,Secos
"2,021",7,1/07/2021,Sorteo Extra de Colombia,2193,3224,212,Secos
"2,021",7,1/07/2021,Sorteo Extra de Colombia,2193,4286,151,Secos
"2,021",7,1/07/2021,Sorteo Extra de Colombia,2193,9314,66,Secos
"2,021",7,1/07/2021,Sorteo Extra de Colombia,2193,8151,76,Secos
"2,021",7,1/07/2021,Sorteo Extra de Colombia,2193,6188,181,Secos
"2,021",7,1/07/2021,Sorteo Extra de Colombia,2193,9899,253,Secos
"2,021",7,1/07/2021,Sorteo Extra de Colombia,2193,69,143,Secos
"2,021",7,1/07/2021,Sorteo Extra de Colombia,2193,8228,272,Secos
"2,021",8,30/08/2021,Sorteo Extra de Colombia,2195,4017,98,Secos
"2,021",8,30/08/2021,Sorteo Extra de Colombia,2195,7320,302,Secos
"2,021",8,30/08/2021,Sorteo Extra de Colombia,2195,1853,58,Secos
"2,021",8,30/08/2021,Sorteo Extra de Colombia,2195,5118,39,Secos
"2,021",8,2/08/2021,Sorteo Extra de Colombia,2194,2713,4,Secos
"2,021",8,2/08/2021,Sorteo Extra de Colombia,2194,2415,86,Secos
"2,021",8,2/08/2021,Sorteo Extra de Colombia,2194,7230,116,Secos
"2,021",8,30/08/2021,Sorteo Extra de Colombia,2195,9992,130,Secos
"2,021",8,30/08/2021,Sorteo Extra de Colombia,2195,8169,295,Secos
"2,021",8,30/08/2021,Sorteo Extra de Colombia,2195,1797,2,Secos
"2,021",8,2/08/2021,Sorteo Extra de Colombia,2194,2917,72,Secos
"2,021",8,30/08/2021,Sorteo Extra de Colombia,2195,3282,223,Secos
"2,021",8,30/08/2021,Sorteo Extra de Colombia,2195,4096,262,Secos
"2,021",8,2/08/2021,Sorteo Extra de Colombia,2194,1227,98,Secos
"2,021",8,2/08/2021,Sorteo Extra de Colombia,2194,1548,258,Secos
"2,021",8,2/08/2021,Sorteo Extra de Colombia,2194,4454,96,Secos
"2,021",8,2/08/2021,Sorteo Extra de Colombia,2194,2124,114,Secos
"2,021",8,2/08/2021,Sorteo Extra de Colombia,2194,9176,63,Secos
"2,021",8,30/08/2021,Sorteo Extra de Colombia,2195,4558,161,Secos
"2,021",8,2/08/2021,Sorteo Extra de Colombia,2194,4017,131,Secos
"2,021",8,30/08/2021,Sorteo Extra de Colombia,2195,2957,149,Secos
"2,021",8,30/08/2021,Sorteo Extra de Colombia,2195,8343,251,Secos
"2,021",8,2/08/2021,Sorteo Extra de Colombia,2194,8457,164,Secos
"2,021",8,2/08/2021,Sorteo Extra de Colombia,2194,6963,257,Secos
"2,021",8,2/08/2021,Sorteo Extra de Colombia,2194,5234,223,Secos
"2,021",8,30/08/2021,Sorteo Extra de Colombia,2195,9329,249,Secos
"2,021",8,2/08/2021,Sorteo Extra de Colombia,2194,5605,229,Secos
"2,021",8,30/08/2021,Sorteo Extra de Colombia,2195,7119,115,Secos
"2,021",8,30/08/2021,Sorteo Extra de Colombia,2195,8630,66,Secos
"2,021",8,2/08/2021,Sorteo Extra de Colombia,2194,3715,23,Secos
"2,021",9,27/09/2021,Sorteo Extra de Colombia,2196,9863,127,Secos
"2,021",9,27/09/2021,Sorteo Extra de Colombia,2196,1844,256,Secos
"2,021",9,27/09/2021,Sorteo Extra de Colombia,2196,1936,207,Secos
"2,021",9,27/09/2021,Sorteo Extra de Colombia,2196,9431,28,Secos
"2,021",9,27/09/2021,Sorteo Extra de Colombia,2196,3614,16,Secos
"2,021",9,27/09/2021,Sorteo Extra de Colombia,2196,392,95,Secos
"2,021",9,27/09/2021,Sorteo Extra de Colombia,2196,4838,42,Secos
"2,021",9,27/09/2021,Sorteo Extra de Colombia,2196,6252,216,Secos
"2,021",9,27/09/2021,Sorteo Extra de Colombia,2196,3557,130,Secos
"2,021",9,27/09/2021,Sorteo Extra de Colombia,2196,5958,24,Secos
"2,021",11,29/11/2021,Sorteo Extra de Colombia,2198,5132,269,Secos
"2,021",11,29/11/2021,Sorteo Extra de Colombia,2198,8461,117,Secos
"2,021",11,2/11/2021,Sorteo Extra de Colombia,2197,8344,264,Secos
"2,021",11,2/11/2021,Sorteo Extra de Colombia,2197,8097,345,Secos
"2,021",11,29/11/2021,Sorteo Extra de Colombia,2198,3039,81,Secos
"2,021",11,29/11/2021,Sorteo Extra de Colombia,2198,7054,21,Secos
"2,021",11,29/11/2021,Sorteo Extra de Colombia,2198,5927,1,Secos
"2,021",11,2/11/2021,Sorteo Extra de Colombia,2197,6001,235,Secos
"2,021",11,2/11/2021,Sorteo Extra de Colombia,2197,2804,69,Secos
"2,021",11,2/11/2021,Sorteo Extra de Colombia,2197,9353,175,Secos
"2,021",11,2/11/2021,Sorteo Extra de Colombia,2197,9569,266,Secos
"2,021",11,2/11/2021,Sorteo Extra de Colombia,2197,149,29,Secos
"2,021",11,29/11/2021,Sorteo Extra de Colombia,2198,5732,336,Secos
"2,021",11,29/11/2021,Sorteo Extra de Colombia,2198,4817,251,Secos
"2,021",11,29/11/2021,Sorteo Extra de Colombia,2198,6466,18,Secos
"2,021",11,29/11/2021,Sorteo Extra de Colombia,2198,957,285,Secos
"2,021",11,2/11/2021,Sorteo Extra de Colombia,2197,6014,197,Secos
"2,021",11,29/11/2021,Sorteo Extra de Colombia,2198,9984,60,Secos
"2,021",11,2/11/2021,Sorteo Extra de Colombia,2197,414,50,Secos
"2,021",11,2/11/2021,Sorteo Extra de Colombia,2197,9799,172,Secos
"2,021",12,31/12/2021,Sorteo Extra de Colombia,2199,8139,357,Secos
"2,021",12,31/12/2021,Sorteo Extra de Colombia,2199,1457,283,Secos
"2,021",12,31/12/2021,Sorteo Extra de Colombia,2199,1986,213,Secos
"2,021",12,31/12/2021,Sorteo Extra de Colombia,2199,6925,12,Secos
"2,021",12,31/12/2021,Sorteo Extra de Colombia,2199,5135,310,Secos
"2,021",2,1/02/2021,Sorteo Extra de Colombia,2188,655,13,Secos
"2,021",2,1/02/2021,Sorteo Extra de Colombia,2188,8520,295,Secos
"2,021",2,1/02/2021,Sorteo Extra de Colombia,2188,2299,179,Secos
"2,021",2,1/02/2021,Sorteo Extra de Colombia,2188,783,71,Secos
"2,021",2,1/02/2021,Sorteo Extra de Colombia,2188,449,337,Secos
"2,021",2,1/02/2021,Sorteo Extra de Colombia,2188,9536,261,Secos
"2,021",2,1/02/2021,Sorteo Extra de Colombia,2188,4163,194,Secos
"2,021",2,1/02/2021,Sorteo Extra de Colombia,2188,233,309,Secos
"2,021",2,1/02/2021,Sorteo Extra de Colombia,2188,5781,239,Secos
"2,021",2,1/02/2021,Sorteo Extra de Colombia,2188,9582,337,Secos
"2,021",2,1/02/2021,Sorteo Extra de Colombia,2188,4471,162,Secos
"2,021",2,1/02/2021,Sorteo Extra de Colombia,2188,4523,302,Secos
"2,021",2,1/02/2021,Sorteo Extra de Colombia,2188,265,63,Secos
"2,021",2,1/02/2021,Sorteo Extra de Colombia,2188,8566,209,Secos
"2,021",2,1/02/2021,Sorteo Extra de Colombia,2188,9148,32,Secos
"2,021",2,1/02/2021,Sorteo Extra de Colombia,2188,5371,171,Secos
"2,021",2,1/02/2021,Sorteo Extra de Colombia,2188,2449,159,Secos
"2,021",2,1/02/2021,Sorteo Extra de Colombia,2188,5483,326,Secos
"2,021",2,1/02/2021,Sorteo Extra de Colombia,2188,426,114,Secos
"2,021",2,1/02/2021,Sorteo Extra de Colombia,2188,2558,46,Secos
"2,021",2,1/02/2021,Sorteo Extra de Colombia,2188,9769,99,Secos
"2,021",2,1/02/2021,Sorteo Extra de Colombia,2188,3691,6,Secos
"2,021",2,1/02/2021,Sorteo Extra de Colombia,2188,7651,209,Secos
"2,021",2,1/02/2021,Sorteo Extra de Colombia,2188,2961,311,Secos
"2,021",2,1/02/2021,Sorteo Extra de Colombia,2188,5925,202,Secos
"2,021",2,1/02/2021,Sorteo Extra de Colombia,2188,4954,98,Secos
"2,021",2,1/02/2021,Sorteo Extra de Colombia,2188,2156,249,Secos
"2,021",2,1/02/2021,Sorteo Extra de Colombia,2188,1024,141,Secos
"2,021",2,1/02/2021,Sorteo Extra de Colombia,2188,1378,107,Secos
"2,021",2,1/02/2021,Sorteo Extra de Colombia,2188,643,172,Secos
"2,021",3,29/03/2021,Sorteo Extra de Colombia,2190,9873,90,Secos
"2,021",3,1/03/2021,Sorteo Extra de Colombia,2189,7260,147,Secos
"2,021",3,1/03/2021,Sorteo Extra de Colombia,2189,7509,181,Secos
"2,021",3,1/03/2021,Sorteo Extra de Colombia,2189,304,188,Secos
"2,021",3,29/03/2021,Sorteo Extra de Colombia,2190,4668,201,Secos
"2,021",3,29/03/2021,Sorteo Extra de Colombia,2190,746,36,Secos
"2,021",3,1/03/2021,Sorteo Extra de Colombia,2189,8265,221,Secos
"2,021",3,29/03/2021,Sorteo Extra de Colombia,2190,4405,260,Secos
"2,021",3,29/03/2021,Sorteo Extra de Colombia,2190,3557,33,Secos
"2,021",3,29/03/2021,Sorteo Extra de Colombia,2190,9552,67,Secos
"2,021",3,29/03/2021,Sorteo Extra de Colombia,2190,3064,20,Secos
"2,021",3,29/03/2021,Sorteo Extra de Colombia,2190,8664,218,Secos
"2,021",3,29/03/2021,Sorteo Extra de Colombia,2190,2160,136,Secos
"2,021",3,29/03/2021,Sorteo Extra de Colombia,2190,3683,169,Secos
"2,021",3,1/03/2021,Sorteo Extra de Colombia,2189,2892,227,Secos
"2,021",3,1/03/2021,Sorteo Extra de Colombia,2189,4588,32,Secos
"2,021",3,1/03/2021,Sorteo Extra de Colombia,2189,4642,260,Secos
"2,021",3,1/03/2021,Sorteo Extra de Colombia,2189,5219,75,Secos
"2,021",3,1/03/2021,Sorteo Extra de Colombia,2189,7247,296,Secos
"2,021",3,1/03/2021,Sorteo Extra de Colombia,2189,4365,266,Secos
"2,021",3,1/03/2021,Sorteo Extra de Colombia,2189,9777,2,Secos
"2,021",3,29/03/2021,Sorteo Extra de Colombia,2190,6532,306,Secos
"2,021",3,29/03/2021,Sorteo Extra de Colombia,2190,3557,83,Secos
"2,021",3,29/03/2021,Sorteo Extra de Colombia,2190,4408,266,Secos
"2,021",3,29/03/2021,Sorteo Extra de Colombia,2190,8603,215,Secos
"2,021",3,29/03/2021,Sorteo Extra de Colombia,2190,2831,309,Secos
"2,021",3,29/03/2021,Sorteo Extra de Colombia,2190,7044,194,Secos
"2,021",3,1/03/2021,Sorteo Extra de Colombia,2189,1197,147,Secos
"2,021",3,1/03/2021,Sorteo Extra de Colombia,2189,6336,99,Secos
"2,021",3,1/03/2021,Sorteo Extra de Colombia,2189,4298,182,Secos
"2,021",3,1/03/2021,Sorteo Extra de Colombia,2189,793,234,Secos
"2,021",3,1/03/2021,Sorteo Extra de Colombia,2189,3512,226,Secos
"2,021",3,29/03/2021,Sorteo Extra de Colombia,2190,9370,34,Secos
"2,021",3,29/03/2021,Sorteo Extra de Colombia,2190,9588,92,Secos
"2,021",3,1/03/2021,Sorteo Extra de Colombia,2189,6786,183,Secos
"2,021",3,1/03/2021,Sorteo Extra de Colombia,2189,653,187,Secos
"2,021",3,1/03/2021,Sorteo Extra de Colombia,2189,7802,273,Secos
"2,021",3,1/03/2021,Sorteo Extra de Colombia,2189,9416,125,Secos
"2,021",3,29/03/2021,Sorteo Extra de Colombia,2190,7110,309,Secos
"2,021",3,29/03/2021,Sorteo Extra de Colombia,2190,938,311,Secos
"2,021",3,29/03/2021,Sorteo Extra de Colombia,2190,2320,197,Secos
"2,021",3,29/03/2021,Sorteo Extra de Colombia,2190,3085,32,Secos
"2,021",3,29/03/2021,Sorteo Extra de Colombia,2190,9593,282,Secos
"2,021",3,1/03/2021,Sorteo Extra de Colombia,2189,5092,5,Secos
"2,021",3,1/03/2021,Sorteo Extra de Colombia,2189,5426,154,Secos
"2,021",3,1/03/2021,Sorteo Extra de Colombia,2189,8481,174,Secos
"2,021",3,1/03/2021,Sorteo Extra de Colombia,2189,7189,71,Secos
"2,021",3,29/03/2021,Sorteo Extra de Colombia,2190,1855,130,Secos
"2,021",3,29/03/2021,Sorteo Extra de Colombia,2190,7557,315,Secos
"2,021",3,29/03/2021,Sorteo Extra de Colombia,2190,7880,201,Secos
"2,021",3,1/03/2021,Sorteo Extra de Colombia,2189,9302,78,Secos
"2,021",3,1/03/2021,Sorteo Extra de Colombia,2189,6206,285,Secos
"2,021",3,1/03/2021,Sorteo Extra de Colombia,2189,2418,96,Secos
"2,021",3,1/03/2021,Sorteo Extra de Colombia,2189,3480,194,Secos
"2,021",3,1/03/2021,Sorteo Extra de Colombia,2189,1779,144,Secos
"2,021",3,29/03/2021,Sorteo Extra de Colombia,2190,3784,99,Secos
"2,021",3,29/03/2021,Sorteo Extra de Colombia,2190,3912,324,Secos
"2,021",3,1/03/2021,Sorteo Extra de Colombia,2189,9420,133,Secos
"2,021",3,29/03/2021,Sorteo Extra de Colombia,2190,8983,226,Secos
"2,021",3,29/03/2021,Sorteo Extra de Colombia,2190,1134,180,Secos
"2,021",4,26/04/2021,Sorteo Extra de Colombia,2191,309,245,Secos
"2,021",4,26/04/2021,Sorteo Extra de Colombia,2191,2559,252,Secos
"2,021",4,26/04/2021,Sorteo Extra de Colombia,2191,2529,114,Secos
"2,021",4,26/04/2021,Sorteo Extra de Colombia,2191,9126,119,Secos
"2,021",4,26/04/2021,Sorteo Extra de Colombia,2191,6500,314,Secos
"2,021",4,26/04/2021,Sorteo Extra de Colombia,2191,6306,62,Secos
"2,021",4,26/04/2021,Sorteo Extra de Colombia,2191,2060,118,Secos
"2,021",4,26/04/2021,Sorteo Extra de Colombia,2191,8620,244,Secos
"2,021",4,26/04/2021,Sorteo Extra de Colombia,2191,283,91,Secos
"2,021",4,26/04/2021,Sorteo Extra de Colombia,2191,8354,10,Secos
"2,021",4,26/04/2021,Sorteo Extra de Colombia,2191,9008,303,Secos
"2,021",4,26/04/2021,Sorteo Extra de Colombia,2191,8205,319,Secos
"2,021",4,26/04/2021,Sorteo Extra de Colombia,2191,1051,58,Secos
"2,021",4,26/04/2021,Sorteo Extra de Colombia,2191,6840,333,Secos
"2,021",4,26/04/2021,Sorteo Extra de Colombia,2191,315,233,Secos
"2,021",4,26/04/2021,Sorteo Extra de Colombia,2191,9883,204,Secos
"2,021",4,26/04/2021,Sorteo Extra de Colombia,2191,1217,72,Secos
"2,021",4,26/04/2021,Sorteo Extra de Colombia,2191,137,202,Secos
"2,021",4,26/04/2021,Sorteo Extra de Colombia,2191,1799,231,Secos
"2,021",4,26/04/2021,Sorteo Extra de Colombia,2191,4303,235,Secos
"2,021",4,26/04/2021,Sorteo Extra de Colombia,2191,2386,316,Secos
"2,021",4,26/04/2021,Sorteo Extra de Colombia,2191,4306,119,Secos
"2,021",4,26/04/2021,Sorteo Extra de Colombia,2191,637,31,Secos
"2,021",4,26/04/2021,Sorteo Extra de Colombia,2191,596,31,Secos
"2,021",4,26/04/2021,Sorteo Extra de Colombia,2191,9345,337,Secos
"2,021",4,26/04/2021,Sorteo Extra de Colombia,2191,5106,243,Secos
"2,021",4,26/04/2021,Sorteo Extra de Colombia,2191,9290,207,Secos
"2,021",4,26/04/2021,Sorteo Extra de Colombia,2191,2829,39,Secos
"2,021",4,26/04/2021,Sorteo Extra de Colombia,2191,5352,248,Secos
"2,021",4,26/04/2021,Sorteo Extra de Colombia,2191,6073,318,Secos
"2,021",6,1/06/2021,Sorteo Extra de Colombia,2192,4277,239,Secos
"2,021",6,1/06/2021,Sorteo Extra de Colombia,2192,9189,227,Secos
"2,021",6,1/06/2021,Sorteo Extra de Colombia,2192,2629,112,Secos
"2,021",6,1/06/2021,Sorteo Extra de Colombia,2192,248,145,Secos
"2,021",6,1/06/2021,Sorteo Extra de Colombia,2192,6641,208,Secos
"2,021",6,1/06/2021,Sorteo Extra de Colombia,2192,6137,207,Secos
"2,021",6,1/06/2021,Sorteo Extra de Colombia,2192,4070,59,Secos
"2,021",6,1/06/2021,Sorteo Extra de Colombia,2192,2831,36,Secos
"2,021",6,1/06/2021,Sorteo Extra de Colombia,2192,121,243,Secos
"2,021",6,1/06/2021,Sorteo Extra de Colombia,2192,1224,230,Secos
"2,021",6,1/06/2021,Sorteo Extra de Colombia,2192,5503,165,Secos
"2,021",6,1/06/2021,Sorteo Extra de Colombia,2192,6087,306,Secos
"2,021",6,1/06/2021,Sorteo Extra de Colombia,2192,1924,295,Secos
"2,021",6,1/06/2021,Sorteo Extra de Colombia,2192,6339,287,Secos
"2,021",6,1/06/2021,Sorteo Extra de Colombia,2192,2861,75,Secos
"2,021",6,1/06/2021,Sorteo Extra de Colombia,2192,8532,291,Secos
"2,021",6,1/06/2021,Sorteo Extra de Colombia,2192,8828,199,Secos
"2,021",6,1/06/2021,Sorteo Extra de Colombia,2192,995,193,Secos
"2,021",6,1/06/2021,Sorteo Extra de Colombia,2192,4164,66,Secos
"2,021",6,1/06/2021,Sorteo Extra de Colombia,2192,7319,203,Secos
"2,021",6,1/06/2021,Sorteo Extra de Colombia,2192,662,327,Secos
"2,021",6,1/06/2021,Sorteo Extra de Colombia,2192,9082,264,Secos
"2,021",6,1/06/2021,Sorteo Extra de Colombia,2192,3365,13,Secos
"2,021",6,1/06/2021,Sorteo Extra de Colombia,2192,9995,170,Secos
"2,021",6,1/06/2021,Sorteo Extra de Colombia,2192,6456,275,Secos
"2,021",6,1/06/2021,Sorteo Extra de Colombia,2192,4755,4,Secos
"2,021",6,1/06/2021,Sorteo Extra de Colombia,2192,4115,237,Secos
"2,021",6,1/06/2021,Sorteo Extra de Colombia,2192,1605,40,Secos
"2,021",6,1/06/2021,Sorteo Extra de Colombia,2192,5433,278,Secos
"2,021",6,1/06/2021,Sorteo Extra de Colombia,2192,1065,110,Secos
"2,021",7,1/07/2021,Sorteo Extra de Colombia,2193,5129,264,Secos
"2,021",7,1/07/2021,Sorteo Extra de Colombia,2193,1527,96,Secos
"2,021",7,1/07/2021,Sorteo Extra de Colombia,2193,5922,291,Secos
"2,021",7,1/07/2021,Sorteo Extra de Colombia,2193,7382,207,Secos
"2,021",7,1/07/2021,Sorteo Extra de Colombia,2193,7812,168,Secos
"2,021",7,1/07/2021,Sorteo Extra de Colombia,2193,7667,110,Secos
"2,021",7,1/07/2021,Sorteo Extra de Colombia,2193,8708,299,Secos
"2,021",7,1/07/2021,Sorteo Extra de Colombia,2193,7282,232,Secos
"2,021",7,1/07/2021,Sorteo Extra de Colombia,2193,3363,306,Secos
"2,021",7,1/07/2021,Sorteo Extra de Colombia,2193,6055,221,Secos
"2,021",7,1/07/2021,Sorteo Extra de Colombia,2193,773,48,Secos
"2,021",7,1/07/2021,Sorteo Extra de Colombia,2193,8768,148,Secos
"2,021",7,1/07/2021,Sorteo Extra de Colombia,2193,7775,37,Secos
"2,021",7,1/07/2021,Sorteo Extra de Colombia,2193,8487,327,Secos
"2,021",7,1/07/2021,Sorteo Extra de Colombia,2193,5726,131,Secos
"2,021",7,1/07/2021,Sorteo Extra de Colombia,2193,3285,263,Secos
"2,021",7,1/07/2021,Sorteo Extra de Colombia,2193,711,121,Secos
"2,021",7,1/07/2021,Sorteo Extra de Colombia,2193,6966,332,Secos
"2,021",7,1/07/2021,Sorteo Extra de Colombia,2193,1010,49,Secos
"2,021",7,1/07/2021,Sorteo Extra de Colombia,2193,9451,332,Secos
"2,021",7,1/07/2021,Sorteo Extra de Colombia,2193,845,218,Secos
"2,021",7,1/07/2021,Sorteo Extra de Colombia,2193,1773,238,Secos
"2,021",7,1/07/2021,Sorteo Extra de Colombia,2193,2859,253,Secos
"2,021",7,1/07/2021,Sorteo Extra de Colombia,2193,6345,165,Secos
"2,021",7,1/07/2021,Sorteo Extra de Colombia,2193,8977,132,Secos
"2,021",7,1/07/2021,Sorteo Extra de Colombia,2193,1861,28,Secos
"2,021",7,1/07/2021,Sorteo Extra de Colombia,2193,2396,44,Secos
"2,021",7,1/07/2021,Sorteo Extra de Colombia,2193,6195,2,Secos
"2,021",7,1/07/2021,Sorteo Extra de Colombia,2193,405,128,Secos
"2,021",7,1/07/2021,Sorteo Extra de Colombia,2193,5977,209,Secos
"2,021",8,30/08/2021,Sorteo Extra de Colombia,2195,7181,249,Secos
"2,021",8,30/08/2021,Sorteo Extra de Colombia,2195,6214,95,Secos
"2,021",8,30/08/2021,Sorteo Extra de Colombia,2195,5880,246,Secos
"2,021",8,30/08/2021,Sorteo Extra de Colombia,2195,5751,216,Secos
"2,021",8,30/08/2021,Sorteo Extra de Colombia,2195,7168,246,Secos
"2,021",8,2/08/2021,Sorteo Extra de Colombia,2194,1437,99,Secos
"2,021",8,2/08/2021,Sorteo Extra de Colombia,2194,8850,273,Secos
"2,021",8,2/08/2021,Sorteo Extra de Colombia,2194,4787,159,Secos
"2,021",8,2/08/2021,Sorteo Extra de Colombia,2194,6718,141,Secos
"2,021",8,2/08/2021,Sorteo Extra de Colombia,2194,6455,207,Secos
"2,021",8,2/08/2021,Sorteo Extra de Colombia,2194,7993,128,Secos
"2,021",8,30/08/2021,Sorteo Extra de Colombia,2195,6212,246,Secos
"2,021",8,30/08/2021,Sorteo Extra de Colombia,2195,8847,64,Secos
"2,021",8,2/08/2021,Sorteo Extra de Colombia,2194,591,328,Secos
"2,021",8,2/08/2021,Sorteo Extra de Colombia,2194,4883,295,Secos
"2,021",8,2/08/2021,Sorteo Extra de Colombia,2194,9861,41,Secos
"2,021",8,30/08/2021,Sorteo Extra de Colombia,2195,7846,269,Secos
"2,021",8,30/08/2021,Sorteo Extra de Colombia,2195,5108,307,Secos
"2,021",8,2/08/2021,Sorteo Extra de Colombia,2194,7910,259,Secos
"2,021",8,2/08/2021,Sorteo Extra de Colombia,2194,8960,233,Secos
"2,021",8,2/08/2021,Sorteo Extra de Colombia,2194,5214,278,Secos
"2,021",8,30/08/2021,Sorteo Extra de Colombia,2195,7139,108,Secos
"2,021",8,30/08/2021,Sorteo Extra de Colombia,2195,1644,316,Secos
"2,021",8,2/08/2021,Sorteo Extra de Colombia,2194,5132,228,Secos
"2,021",8,30/08/2021,Sorteo Extra de Colombia,2195,9716,192,Secos
"2,021",8,2/08/2021,Sorteo Extra de Colombia,2194,8448,117,Secos
"2,021",8,2/08/2021,Sorteo Extra de Colombia,2194,148,274,Secos
"2,021",8,30/08/2021,Sorteo Extra de Colombia,2195,3837,79,Secos
"2,021",8,30/08/2021,Sorteo Extra de Colombia,2195,9592,242,Secos
"2,021",8,2/08/2021,Sorteo Extra de Colombia,2194,6870,85,Secos
"2,021",8,2/08/2021,Sorteo Extra de Colombia,2194,5452,140,Secos
"2,021",8,2/08/2021,Sorteo Extra de Colombia,2194,721,164,Secos
"2,021",8,2/08/2021,Sorteo Extra de Colombia,2194,3353,336,Secos
"2,021",8,30/08/2021,Sorteo Extra de Colombia,2195,9745,77,Secos
"2,021",8,30/08/2021,Sorteo Extra de Colombia,2195,9487,231,Secos
"2,021",8,30/08/2021,Sorteo Extra de Colombia,2195,2666,151,Secos
"2,021",8,30/08/2021,Sorteo Extra de Colombia,2195,159,324,Secos
"2,021",8,2/08/2021,Sorteo Extra de Colombia,2194,8383,98,Secos
"2,021",8,30/08/2021,Sorteo Extra de Colombia,2195,3052,197,Secos
"2,021",8,30/08/2021,Sorteo Extra de Colombia,2195,1317,292,Secos
"2,021",8,2/08/2021,Sorteo Extra de Colombia,2194,9250,292,Secos
"2,021",8,30/08/2021,Sorteo Extra de Colombia,2195,2320,125,Secos
"2,021",8,30/08/2021,Sorteo Extra de Colombia,2195,4278,326,Secos
"2,021",8,30/08/2021,Sorteo Extra de Colombia,2195,3306,192,Secos
"2,021",8,30/08/2021,Sorteo Extra de Colombia,2195,2811,139,Secos
"2,021",8,2/08/2021,Sorteo Extra de Colombia,2194,4382,154,Secos
"2,021",8,30/08/2021,Sorteo Extra de Colombia,2195,6466,311,Secos
"2,021",8,2/08/2021,Sorteo Extra de Colombia,2194,8774,192,Secos
"2,021",8,2/08/2021,Sorteo Extra de Colombia,2194,671,247,Secos
"2,021",8,30/08/2021,Sorteo Extra de Colombia,2195,5801,269,Secos
"2,021",8,30/08/2021,Sorteo Extra de Colombia,2195,4457,60,Secos
"2,021",8,30/08/2021,Sorteo Extra de Colombia,2195,1293,41,Secos
"2,021",8,2/08/2021,Sorteo Extra de Colombia,2194,2222,107,Secos
"2,021",8,2/08/2021,Sorteo Extra de Colombia,2194,4990,284,Secos
"2,021",8,2/08/2021,Sorteo Extra de Colombia,2194,919,265,Secos
"2,021",8,30/08/2021,Sorteo Extra de Colombia,2195,7502,6,Secos
"2,021",8,2/08/2021,Sorteo Extra de Colombia,2194,4985,142,Secos
"2,021",8,2/08/2021,Sorteo Extra de Colombia,2194,9328,146,Secos
"2,021",8,2/08/2021,Sorteo Extra de Colombia,2194,7808,309,Secos
"2,021",8,30/08/2021,Sorteo Extra de Colombia,2195,775,178,Secos
"2,021",9,27/09/2021,Sorteo Extra de Colombia,2196,1555,258,Secos
"2,021",9,27/09/2021,Sorteo Extra de Colombia,2196,7959,74,Secos
"2,021",9,27/09/2021,Sorteo Extra de Colombia,2196,5237,319,Secos
"2,021",9,27/09/2021,Sorteo Extra de Colombia,2196,9191,35,Secos
"2,021",9,27/09/2021,Sorteo Extra de Colombia,2196,1771,92,Secos
"2,021",9,27/09/2021,Sorteo Extra de Colombia,2196,4625,176,Secos
"2,021",9,27/09/2021,Sorteo Extra de Colombia,2196,6757,315,Secos
"2,021",9,27/09/2021,Sorteo Extra de Colombia,2196,2188,309,Secos
"2,021",9,27/09/2021,Sorteo Extra de Colombia,2196,6481,10,Secos
"2,021",9,27/09/2021,Sorteo Extra de Colombia,2196,5063,13,Secos
"2,021",11,29/11/2021,Sorteo Extra de Colombia,2198,9125,22,Secos
"2,021",11,2/11/2021,Sorteo Extra de Colombia,2197,2355,240,Secos
"2,021",11,2/11/2021,Sorteo Extra de Colombia,2197,5969,335,Secos
"2,021",11,2/11/2021,Sorteo Extra de Colombia,2197,160,236,Secos
"2,021",11,29/11/2021,Sorteo Extra de Colombia,2198,6198,138,Secos
"2,021",11,2/11/2021,Sorteo Extra de Colombia,2197,3166,145,Secos
"2,021",11,2/11/2021,Sorteo Extra de Colombia,2197,4611,347,Secos
"2,021",11,29/11/2021,Sorteo Extra de Colombia,2198,4565,91,Secos
"2,021",11,29/11/2021,Sorteo Extra de Colombia,2198,711,104,Secos
"2,021",11,29/11/2021,Sorteo Extra de Colombia,2198,6715,339,Secos
"2,021",11,29/11/2021,Sorteo Extra de Colombia,2198,1750,254,Secos
"2,021",11,2/11/2021,Sorteo Extra de Colombia,2197,8635,237,Secos
"2,021",11,2/11/2021,Sorteo Extra de Colombia,2197,4212,139,Secos
"2,021",11,2/11/2021,Sorteo Extra de Colombia,2197,5062,149,Secos
"2,021",11,29/11/2021,Sorteo Extra de Colombia,2198,465,56,Secos
"2,021",11,29/11/2021,Sorteo Extra de Colombia,2198,1782,34,Secos
"2,021",11,2/11/2021,Sorteo Extra de Colombia,2197,3566,348,Secos
"2,021",11,2/11/2021,Sorteo Extra de Colombia,2197,5375,18,Secos
"2,021",11,29/11/2021,Sorteo Extra de Colombia,2198,8605,113,Secos
"2,021",11,29/11/2021,Sorteo Extra de Colombia,2198,8702,128,Secos
"2,021",12,31/12/2021,Sorteo Extra de Colombia,2199,971,47,Secos
"2,021",12,31/12/2021,Sorteo Extra de Colombia,2199,9803,193,Secos
"2,021",12,31/12/2021,Sorteo Extra de Colombia,2199,5317,173,Secos
"2,021",12,31/12/2021,Sorteo Extra de Colombia,2199,4857,136,Secos
"2,021",12,31/12/2021,Sorteo Extra de Colombia,2199,9772,246,Secos
"2,021",12,31/12/2021,Sorteo Extra de Colombia,2199,9504,36,Secos
"2,021",12,31/12/2021,Sorteo Extra de Colombia,2199,2885,26,Secos
"2,021",12,31/12/2021,Sorteo Extra de Colombia,2199,9832,292,Secos
"2,021",12,31/12/2021,Sorteo Extra de Colombia,2199,3395,300,Secos
"2,021",12,31/12/2021,Sorteo Extra de Colombia,2199,3066,249,Secos
"2,021",12,31/12/2021,Sorteo Extra de Colombia,2199,5867,320,Secos
"2,021",12,31/12/2021,Sorteo Extra de Colombia,2199,8417,84,Secos
"2,021",12,31/12/2021,Sorteo Extra de Colombia,2199,6376,344,Secos
"2,021",12,31/12/2021,Sorteo Extra de Colombia,2199,8281,0,Secos
"2,021",12,31/12/2021,Sorteo Extra de Colombia,2199,9044,165,Secos
"2,021",12,31/12/2021,Sorteo Extra de Colombia,2199,6445,107,Secos
"2,022",1,31/01/2022,Sorteo Extra de Colombia,2200,3279,252,Mayor
"2,022",1,2/01/2023,Sorteo Extra de Colombia,2210,348,365,Mayor
"2,022",2,28/02/2022,Sorteo Extra de Colombia,2201,2466,238,Mayor
"2,022",3,28/03/2022,Sorteo Extra de Colombia,2202,6010,31,Mayor
"2,022",5,31/05/2022,Sorteo Extra de Colombia,2204,5575,245,Mayor
"2,022",5,2/05/2022,Sorteo Extra de Colombia,2203,7359,322,Mayor
"2,022",6,28/06/2022,Sorteo Extra de Colombia,2205,2348,171,Mayor
"2,022",8,1/08/2022,Sorteo Extra de Colombia,2206,6905,142,Mayor
"2,022",9,26/09/2022,Sorteo Extra de Colombia,2208,3124,272,Mayor
"2,022",9,21/09/2022,Sorteo Extra de Colombia,2207,9912,232,Mayor
"2,022",11,21/11/2022,Sorteo Extra de Colombia,2209,134,96,Mayor
"2,022",1,2/01/2023,Sorteo Extra de Colombia,2210,9416,72,Secos
"2,022",1,31/01/2022,Sorteo Extra de Colombia,2200,2531,94,Secos
"2,022",2,28/02/2022,Sorteo Extra de Colombia,2201,6157,206,Secos
"2,022",3,28/03/2022,Sorteo Extra de Colombia,2202,5717,114,Secos
"2,022",5,31/05/2022,Sorteo Extra de Colombia,2204,5631,229,Secos
"2,022",5,2/05/2022,Sorteo Extra de Colombia,2203,4295,30,Secos
"2,022",6,28/06/2022,Sorteo Extra de Colombia,2205,2344,51,Secos
"2,022",8,1/08/2022,Sorteo Extra de Colombia,2206,858,207,Secos
"2,022",9,26/09/2022,Sorteo Extra de Colombia,2208,8083,323,Secos
"2,022",9,21/09/2022,Sorteo Extra de Colombia,2207,9948,150,Secos
"2,022",11,21/11/2022,Sorteo Extra de Colombia,2209,4041,316,Secos
"2,022",1,31/01/2022,Sorteo Extra de Colombia,2200,9652,244,Secos
"2,022",1,2/01/2023,Sorteo Extra de Colombia,2210,2350,0,Secos
"2,022",1,31/01/2022,Sorteo Extra de Colombia,2200,1201,168,Secos
"2,022",2,28/02/2022,Sorteo Extra de Colombia,2201,2178,175,Secos
"2,022",2,28/02/2022,Sorteo Extra de Colombia,2201,4736,356,Secos
"2,022",3,28/03/2022,Sorteo Extra de Colombia,2202,5278,142,Secos
"2,022",3,28/03/2022,Sorteo Extra de Colombia,2202,5274,121,Secos
"2,022",5,2/05/2022,Sorteo Extra de Colombia,2203,9719,161,Secos
"2,022",5,31/05/2022,Sorteo Extra de Colombia,2204,5630,113,Secos
"2,022",5,2/05/2022,Sorteo Extra de Colombia,2203,2642,21,Secos
"2,022",5,31/05/2022,Sorteo Extra de Colombia,2204,6455,232,Secos
"2,022",6,28/06/2022,Sorteo Extra de Colombia,2205,3931,74,Secos
"2,022",6,28/06/2022,Sorteo Extra de Colombia,2205,5193,212,Secos
"2,022",8,1/08/2022,Sorteo Extra de Colombia,2206,3073,215,Secos
"2,022",8,1/08/2022,Sorteo Extra de Colombia,2206,1435,1,Secos
"2,022",9,21/09/2022,Sorteo Extra de Colombia,2207,8772,224,Secos
"2,022",9,21/09/2022,Sorteo Extra de Colombia,2207,6963,93,Secos
"2,022",9,26/09/2022,Sorteo Extra de Colombia,2208,7074,327,Secos
"2,022",9,26/09/2022,Sorteo Extra de Colombia,2208,4865,64,Secos
"2,022",11,21/11/2022,Sorteo Extra de Colombia,2209,4084,126,Secos
"2,022",11,21/11/2022,Sorteo Extra de Colombia,2209,7042,127,Secos
"2,022",1,31/01/2022,Sorteo Extra de Colombia,2200,7163,124,Secos
"2,022",1,2/01/2023,Sorteo Extra de Colombia,2210,336,73,Secos
"2,022",1,31/01/2022,Sorteo Extra de Colombia,2200,2459,356,Secos
"2,022",2,28/02/2022,Sorteo Extra de Colombia,2201,7709,76,Secos
"2,022",2,28/02/2022,Sorteo Extra de Colombia,2201,1903,368,Secos
"2,022",3,28/03/2022,Sorteo Extra de Colombia,2202,4395,1,Secos
"2,022",3,28/03/2022,Sorteo Extra de Colombia,2202,6581,257,Secos
"2,022",5,2/05/2022,Sorteo Extra de Colombia,2203,6040,317,Secos
"2,022",5,2/05/2022,Sorteo Extra de Colombia,2203,6962,74,Secos
"2,022",5,31/05/2022,Sorteo Extra de Colombia,2204,9951,362,Secos
"2,022",5,31/05/2022,Sorteo Extra de Colombia,2204,7294,159,Secos
"2,022",6,28/06/2022,Sorteo Extra de Colombia,2205,1451,168,Secos
"2,022",6,28/06/2022,Sorteo Extra de Colombia,2205,1807,205,Secos
"2,022",8,1/08/2022,Sorteo Extra de Colombia,2206,4350,319,Secos
"2,022",8,1/08/2022,Sorteo Extra de Colombia,2206,5899,234,Secos
"2,022",9,26/09/2022,Sorteo Extra de Colombia,2208,6732,67,Secos
"2,022",9,26/09/2022,Sorteo Extra de Colombia,2208,2987,193,Secos
"2,022",9,21/09/2022,Sorteo Extra de Colombia,2207,6873,290,Secos
"2,022",9,21/09/2022,Sorteo Extra de Colombia,2207,489,12,Secos
"2,022",11,21/11/2022,Sorteo Extra de Colombia,2209,9913,70,Secos
"2,022",11,21/11/2022,Sorteo Extra de Colombia,2209,381,54,Secos
"2,022",1,2/01/2023,Sorteo Extra de Colombia,2210,3669,92,Secos
"2,022",1,2/01/2023,Sorteo Extra de Colombia,2210,2594,31,Secos
"2,022",1,31/01/2022,Sorteo Extra de Colombia,2200,3304,216,Secos
"2,022",1,31/01/2022,Sorteo Extra de Colombia,2200,7917,328,Secos
"2,022",1,31/01/2022,Sorteo Extra de Colombia,2200,8311,25,Secos
"2,022",1,31/01/2022,Sorteo Extra de Colombia,2200,7584,59,Secos
"2,022",1,31/01/2022,Sorteo Extra de Colombia,2200,4321,154,Secos
"2,022",2,28/02/2022,Sorteo Extra de Colombia,2201,6311,305,Secos
"2,022",2,28/02/2022,Sorteo Extra de Colombia,2201,5608,86,Secos
"2,022",2,28/02/2022,Sorteo Extra de Colombia,2201,2636,97,Secos
"2,022",2,28/02/2022,Sorteo Extra de Colombia,2201,9611,245,Secos
"2,022",2,28/02/2022,Sorteo Extra de Colombia,2201,5111,63,Secos
"2,022",3,28/03/2022,Sorteo Extra de Colombia,2202,8377,217,Secos
"2,022",3,28/03/2022,Sorteo Extra de Colombia,2202,1515,138,Secos
"2,022",3,28/03/2022,Sorteo Extra de Colombia,2202,483,189,Secos
"2,022",3,28/03/2022,Sorteo Extra de Colombia,2202,9491,233,Secos
"2,022",3,28/03/2022,Sorteo Extra de Colombia,2202,9719,78,Secos
"2,022",5,2/05/2022,Sorteo Extra de Colombia,2203,8072,138,Secos
"2,022",5,31/05/2022,Sorteo Extra de Colombia,2204,6079,215,Secos
"2,022",5,2/05/2022,Sorteo Extra de Colombia,2203,9633,43,Secos
"2,022",5,31/05/2022,Sorteo Extra de Colombia,2204,8989,117,Secos
"2,022",5,2/05/2022,Sorteo Extra de Colombia,2203,7917,68,Secos
"2,022",5,31/05/2022,Sorteo Extra de Colombia,2204,8970,341,Secos
"2,022",5,31/05/2022,Sorteo Extra de Colombia,2204,8348,130,Secos
"2,022",5,2/05/2022,Sorteo Extra de Colombia,2203,2301,318,Secos
"2,022",5,31/05/2022,Sorteo Extra de Colombia,2204,4115,317,Secos
"2,022",5,2/05/2022,Sorteo Extra de Colombia,2203,463,5,Secos
"2,022",6,28/06/2022,Sorteo Extra de Colombia,2205,7530,363,Secos
"2,022",6,28/06/2022,Sorteo Extra de Colombia,2205,3520,79,Secos
"2,022",6,28/06/2022,Sorteo Extra de Colombia,2205,2313,304,Secos
"2,022",6,28/06/2022,Sorteo Extra de Colombia,2205,8429,165,Secos
"2,022",6,28/06/2022,Sorteo Extra de Colombia,2205,6881,268,Secos
"2,022",8,1/08/2022,Sorteo Extra de Colombia,2206,2453,197,Secos
"2,022",8,1/08/2022,Sorteo Extra de Colombia,2206,206,160,Secos
"2,022",8,1/08/2022,Sorteo Extra de Colombia,2206,4576,272,Secos
"2,022",8,1/08/2022,Sorteo Extra de Colombia,2206,5296,153,Secos
"2,022",8,1/08/2022,Sorteo Extra de Colombia,2206,3572,275,Secos
"2,022",9,21/09/2022,Sorteo Extra de Colombia,2207,551,333,Secos
"2,022",9,21/09/2022,Sorteo Extra de Colombia,2207,2517,316,Secos
"2,022",9,21/09/2022,Sorteo Extra de Colombia,2207,7254,115,Secos
"2,022",9,21/09/2022,Sorteo Extra de Colombia,2207,576,77,Secos
"2,022",9,21/09/2022,Sorteo Extra de Colombia,2207,5260,25,Secos
"2,022",9,26/09/2022,Sorteo Extra de Colombia,2208,1624,338,Secos
"2,022",9,26/09/2022,Sorteo Extra de Colombia,2208,9070,193,Secos
"2,022",9,26/09/2022,Sorteo Extra de Colombia,2208,6905,330,Secos
"2,022",9,26/09/2022,Sorteo Extra de Colombia,2208,4259,40,Secos
"2,022",9,26/09/2022,Sorteo Extra de Colombia,2208,8899,355,Secos
"2,022",11,21/11/2022,Sorteo Extra de Colombia,2209,6487,21,Secos
"2,022",11,21/11/2022,Sorteo Extra de Colombia,2209,3799,260,Secos
"2,022",11,21/11/2022,Sorteo Extra de Colombia,2209,6099,141,Secos
"2,022",11,21/11/2022,Sorteo Extra de Colombia,2209,3835,318,Secos
"2,022",11,21/11/2022,Sorteo Extra de Colombia,2209,6494,236,Secos
"2,022",1,31/01/2022,Sorteo Extra de Colombia,2200,3976,335,Secos
"2,022",1,31/01/2022,Sorteo Extra de Colombia,2200,7172,121,Secos
"2,022",1,31/01/2022,Sorteo Extra de Colombia,2200,567,321,Secos
"2,022",1,2/01/2023,Sorteo Extra de Colombia,2210,1764,104,Secos
"2,022",1,31/01/2022,Sorteo Extra de Colombia,2200,9550,76,Secos
"2,022",1,31/01/2022,Sorteo Extra de Colombia,2200,9190,94,Secos
"2,022",1,31/01/2022,Sorteo Extra de Colombia,2200,2859,333,Secos
"2,022",1,31/01/2022,Sorteo Extra de Colombia,2200,451,312,Secos
"2,022",1,31/01/2022,Sorteo Extra de Colombia,2200,4117,100,Secos
"2,022",1,2/01/2023,Sorteo Extra de Colombia,2210,6312,10,Secos
"2,022",1,31/01/2022,Sorteo Extra de Colombia,2200,336,230,Secos
"2,022",1,2/01/2023,Sorteo Extra de Colombia,2210,8186,218,Secos
"2,022",1,2/01/2023,Sorteo Extra de Colombia,2210,288,149,Secos
"2,022",1,2/01/2023,Sorteo Extra de Colombia,2210,7131,374,Secos
"2,022",1,2/01/2023,Sorteo Extra de Colombia,2210,1450,291,Secos
"2,022",1,31/01/2022,Sorteo Extra de Colombia,2200,3919,87,Secos
"2,022",1,31/01/2022,Sorteo Extra de Colombia,2200,5430,123,Secos
"2,022",1,2/01/2023,Sorteo Extra de Colombia,2210,5024,114,Secos
"2,022",1,2/01/2023,Sorteo Extra de Colombia,2210,3411,50,Secos
"2,022",1,2/01/2023,Sorteo Extra de Colombia,2210,1508,282,Secos
"2,022",1,31/01/2022,Sorteo Extra de Colombia,2200,6796,113,Secos
"2,022",1,31/01/2022,Sorteo Extra de Colombia,2200,8713,171,Secos
"2,022",1,31/01/2022,Sorteo Extra de Colombia,2200,1167,84,Secos
"2,022",1,31/01/2022,Sorteo Extra de Colombia,2200,4325,32,Secos
"2,022",1,31/01/2022,Sorteo Extra de Colombia,2200,9303,174,Secos
"2,022",1,2/01/2023,Sorteo Extra de Colombia,2210,8859,34,Secos
"2,022",2,28/02/2022,Sorteo Extra de Colombia,2201,4872,110,Secos
"2,022",2,28/02/2022,Sorteo Extra de Colombia,2201,5903,180,Secos
"2,022",2,28/02/2022,Sorteo Extra de Colombia,2201,6819,348,Secos
"2,022",2,28/02/2022,Sorteo Extra de Colombia,2201,6522,324,Secos
"2,022",2,28/02/2022,Sorteo Extra de Colombia,2201,6057,161,Secos
"2,022",2,28/02/2022,Sorteo Extra de Colombia,2201,8526,23,Secos
"2,022",2,28/02/2022,Sorteo Extra de Colombia,2201,8460,231,Secos
"2,022",2,28/02/2022,Sorteo Extra de Colombia,2201,478,177,Secos
"2,022",2,28/02/2022,Sorteo Extra de Colombia,2201,2673,189,Secos
"2,022",2,28/02/2022,Sorteo Extra de Colombia,2201,7445,249,Secos
"2,022",2,28/02/2022,Sorteo Extra de Colombia,2201,3125,309,Secos
"2,022",2,28/02/2022,Sorteo Extra de Colombia,2201,9417,69,Secos
"2,022",2,28/02/2022,Sorteo Extra de Colombia,2201,762,130,Secos
"2,022",2,28/02/2022,Sorteo Extra de Colombia,2201,9168,136,Secos
"2,022",2,28/02/2022,Sorteo Extra de Colombia,2201,2795,246,Secos
"2,022",2,28/02/2022,Sorteo Extra de Colombia,2201,2447,188,Secos
"2,022",3,28/03/2022,Sorteo Extra de Colombia,2202,2702,147,Secos
"2,022",3,28/03/2022,Sorteo Extra de Colombia,2202,9794,34,Secos
"2,022",3,28/03/2022,Sorteo Extra de Colombia,2202,673,283,Secos
"2,022",3,28/03/2022,Sorteo Extra de Colombia,2202,7910,304,Secos
"2,022",3,28/03/2022,Sorteo Extra de Colombia,2202,9572,35,Secos
"2,022",3,28/03/2022,Sorteo Extra de Colombia,2202,3081,364,Secos
"2,022",3,28/03/2022,Sorteo Extra de Colombia,2202,7743,183,Secos
"2,022",3,28/03/2022,Sorteo Extra de Colombia,2202,747,57,Secos
"2,022",3,28/03/2022,Sorteo Extra de Colombia,2202,5815,321,Secos
"2,022",3,28/03/2022,Sorteo Extra de Colombia,2202,8485,185,Secos
"2,022",3,28/03/2022,Sorteo Extra de Colombia,2202,649,121,Secos
"2,022",3,28/03/2022,Sorteo Extra de Colombia,2202,3626,98,Secos
"2,022",3,28/03/2022,Sorteo Extra de Colombia,2202,6512,3,Secos
"2,022",3,28/03/2022,Sorteo Extra de Colombia,2202,7490,167,Secos
"2,022",3,28/03/2022,Sorteo Extra de Colombia,2202,2387,163,Secos
"2,022",3,28/03/2022,Sorteo Extra de Colombia,2202,5126,95,Secos
"2,022",5,2/05/2022,Sorteo Extra de Colombia,2203,1433,367,Secos
"2,022",5,2/05/2022,Sorteo Extra de Colombia,2203,5477,306,Secos
"2,022",5,2/05/2022,Sorteo Extra de Colombia,2203,5203,42,Secos
"2,022",5,2/05/2022,Sorteo Extra de Colombia,2203,4914,291,Secos
"2,022",5,2/05/2022,Sorteo Extra de Colombia,2203,2223,45,Secos
"2,022",5,2/05/2022,Sorteo Extra de Colombia,2203,4132,300,Secos
"2,022",5,31/05/2022,Sorteo Extra de Colombia,2204,3824,279,Secos
"2,022",5,31/05/2022,Sorteo Extra de Colombia,2204,9020,287,Secos
"2,022",5,31/05/2022,Sorteo Extra de Colombia,2204,7279,229,Secos
"2,022",5,31/05/2022,Sorteo Extra de Colombia,2204,3135,42,Secos
"2,022",5,31/05/2022,Sorteo Extra de Colombia,2204,4150,294,Secos
"2,022",5,2/05/2022,Sorteo Extra de Colombia,2203,67,250,Secos
"2,022",5,31/05/2022,Sorteo Extra de Colombia,2204,5077,108,Secos
"2,022",5,2/05/2022,Sorteo Extra de Colombia,2203,8698,4,Secos
"2,022",5,2/05/2022,Sorteo Extra de Colombia,2203,6105,35,Secos
"2,022",5,2/05/2022,Sorteo Extra de Colombia,2203,3181,325,Secos
"2,022",5,2/05/2022,Sorteo Extra de Colombia,2203,151,312,Secos
"2,022",5,2/05/2022,Sorteo Extra de Colombia,2203,5784,39,Secos
"2,022",5,2/05/2022,Sorteo Extra de Colombia,2203,5092,129,Secos
"2,022",5,31/05/2022,Sorteo Extra de Colombia,2204,3882,288,Secos
"2,022",5,31/05/2022,Sorteo Extra de Colombia,2204,5498,74,Secos
"2,022",5,31/05/2022,Sorteo Extra de Colombia,2204,6116,270,Secos
"2,022",5,31/05/2022,Sorteo Extra de Colombia,2204,4959,29,Secos
"2,022",5,31/05/2022,Sorteo Extra de Colombia,2204,5218,191,Secos
"2,022",5,2/05/2022,Sorteo Extra de Colombia,2203,4258,27,Secos
"2,022",5,2/05/2022,Sorteo Extra de Colombia,2203,8608,57,Secos
"2,022",5,31/05/2022,Sorteo Extra de Colombia,2204,3851,192,Secos
"2,022",5,31/05/2022,Sorteo Extra de Colombia,2204,7943,313,Secos
"2,022",5,31/05/2022,Sorteo Extra de Colombia,2204,8608,120,Secos
"2,022",5,31/05/2022,Sorteo Extra de Colombia,2204,7776,80,Secos
"2,022",5,2/05/2022,Sorteo Extra de Colombia,2203,5591,15,Secos
"2,022",5,31/05/2022,Sorteo Extra de Colombia,2204,9616,275,Secos
"2,022",6,28/06/2022,Sorteo Extra de Colombia,2205,4192,320,Secos
"2,022",6,28/06/2022,Sorteo Extra de Colombia,2205,9789,147,Secos
"2,022",6,28/06/2022,Sorteo Extra de Colombia,2205,9894,318,Secos
"2,022",6,28/06/2022,Sorteo Extra de Colombia,2205,2394,175,Secos
"2,022",6,28/06/2022,Sorteo Extra de Colombia,2205,4165,359,Secos
"2,022",6,28/06/2022,Sorteo Extra de Colombia,2205,3016,44,Secos
"2,022",6,28/06/2022,Sorteo Extra de Colombia,2205,9183,296,Secos
"2,022",6,28/06/2022,Sorteo Extra de Colombia,2205,6169,63,Secos
"2,022",6,28/06/2022,Sorteo Extra de Colombia,2205,9972,101,Secos
"2,022",6,28/06/2022,Sorteo Extra de Colombia,2205,823,167,Secos
"2,022",6,28/06/2022,Sorteo Extra de Colombia,2205,6425,111,Secos
"2,022",6,28/06/2022,Sorteo Extra de Colombia,2205,8197,63,Secos
"2,022",6,28/06/2022,Sorteo Extra de Colombia,2205,2102,348,Secos
"2,022",6,28/06/2022,Sorteo Extra de Colombia,2205,507,63,Secos
"2,022",6,28/06/2022,Sorteo Extra de Colombia,2205,8978,181,Secos
"2,022",6,28/06/2022,Sorteo Extra de Colombia,2205,603,96,Secos
"2,022",8,1/08/2022,Sorteo Extra de Colombia,2206,1950,204,Secos
"2,022",8,1/08/2022,Sorteo Extra de Colombia,2206,7331,109,Secos
"2,022",8,1/08/2022,Sorteo Extra de Colombia,2206,3662,87,Secos
"2,022",8,1/08/2022,Sorteo Extra de Colombia,2206,8974,195,Secos
"2,022",8,1/08/2022,Sorteo Extra de Colombia,2206,455,140,Secos
"2,022",8,1/08/2022,Sorteo Extra de Colombia,2206,7497,5,Secos
"2,022",8,1/08/2022,Sorteo Extra de Colombia,2206,711,249,Secos
"2,022",8,1/08/2022,Sorteo Extra de Colombia,2206,9628,280,Secos
"2,022",8,1/08/2022,Sorteo Extra de Colombia,2206,7658,290,Secos
"2,022",8,1/08/2022,Sorteo Extra de Colombia,2206,6004,278,Secos
"2,022",8,1/08/2022,Sorteo Extra de Colombia,2206,9557,232,Secos
"2,022",8,1/08/2022,Sorteo Extra de Colombia,2206,292,162,Secos
"2,022",8,1/08/2022,Sorteo Extra de Colombia,2206,9671,214,Secos
"2,022",8,1/08/2022,Sorteo Extra de Colombia,2206,7792,361,Secos
"2,022",8,1/08/2022,Sorteo Extra de Colombia,2206,7396,144,Secos
"2,022",8,1/08/2022,Sorteo Extra de Colombia,2206,8213,43,Secos
"2,022",9,21/09/2022,Sorteo Extra de Colombia,2207,2370,93,Secos
"2,022",9,21/09/2022,Sorteo Extra de Colombia,2207,2454,216,Secos
"2,022",9,21/09/2022,Sorteo Extra de Colombia,2207,2267,95,Secos
"2,022",9,21/09/2022,Sorteo Extra de Colombia,2207,3145,156,Secos
"2,022",9,21/09/2022,Sorteo Extra de Colombia,2207,420,200,Secos
"2,022",9,21/09/2022,Sorteo Extra de Colombia,2207,3932,332,Secos
"2,022",9,26/09/2022,Sorteo Extra de Colombia,2208,8914,216,Secos
"2,022",9,26/09/2022,Sorteo Extra de Colombia,2208,813,169,Secos
"2,022",9,21/09/2022,Sorteo Extra de Colombia,2207,5853,318,Secos
"2,022",9,21/09/2022,Sorteo Extra de Colombia,2207,3263,252,Secos
"2,022",9,21/09/2022,Sorteo Extra de Colombia,2207,3387,15,Secos
"2,022",9,26/09/2022,Sorteo Extra de Colombia,2208,1585,326,Secos
"2,022",9,26/09/2022,Sorteo Extra de Colombia,2208,4689,346,Secos
"2,022",9,26/09/2022,Sorteo Extra de Colombia,2208,1550,346,Secos
"2,022",9,21/09/2022,Sorteo Extra de Colombia,2207,5423,302,Secos
"2,022",9,21/09/2022,Sorteo Extra de Colombia,2207,2597,230,Secos
"2,022",9,26/09/2022,Sorteo Extra de Colombia,2208,4580,200,Secos
"2,022",9,26/09/2022,Sorteo Extra de Colombia,2208,7069,107,Secos
"2,022",9,26/09/2022,Sorteo Extra de Colombia,2208,3408,117,Secos
"2,022",9,26/09/2022,Sorteo Extra de Colombia,2208,8873,353,Secos
"2,022",9,26/09/2022,Sorteo Extra de Colombia,2208,3482,273,Secos
"2,022",9,26/09/2022,Sorteo Extra de Colombia,2208,4529,173,Secos
"2,022",9,26/09/2022,Sorteo Extra de Colombia,2208,8407,191,Secos
"2,022",9,21/09/2022,Sorteo Extra de Colombia,2207,1801,16,Secos
"2,022",9,21/09/2022,Sorteo Extra de Colombia,2207,2231,42,Secos
"2,022",9,26/09/2022,Sorteo Extra de Colombia,2208,3443,322,Secos
"2,022",9,26/09/2022,Sorteo Extra de Colombia,2208,6206,198,Secos
"2,022",9,21/09/2022,Sorteo Extra de Colombia,2207,3215,81,Secos
"2,022",9,21/09/2022,Sorteo Extra de Colombia,2207,5249,168,Secos
"2,022",9,26/09/2022,Sorteo Extra de Colombia,2208,9219,222,Secos
"2,022",9,21/09/2022,Sorteo Extra de Colombia,2207,110,221,Secos
"2,022",9,26/09/2022,Sorteo Extra de Colombia,2208,2324,236,Secos
"2,022",11,21/11/2022,Sorteo Extra de Colombia,2209,9017,116,Secos
"2,022",11,21/11/2022,Sorteo Extra de Colombia,2209,2576,173,Secos
"2,022",11,21/11/2022,Sorteo Extra de Colombia,2209,3174,332,Secos
"2,022",11,21/11/2022,Sorteo Extra de Colombia,2209,7092,172,Secos
"2,022",11,21/11/2022,Sorteo Extra de Colombia,2209,7148,81,Secos
"2,022",11,21/11/2022,Sorteo Extra de Colombia,2209,4885,349,Secos
"2,022",11,21/11/2022,Sorteo Extra de Colombia,2209,6822,360,Secos
"2,022",11,21/11/2022,Sorteo Extra de Colombia,2209,9191,97,Secos
"2,022",11,21/11/2022,Sorteo Extra de Colombia,2209,998,339,Secos
"2,022",11,21/11/2022,Sorteo Extra de Colombia,2209,7457,286,Secos
"2,022",11,21/11/2022,Sorteo Extra de Colombia,2209,9027,323,Secos
"2,022",11,21/11/2022,Sorteo Extra de Colombia,2209,2829,340,Secos
"2,022",11,21/11/2022,Sorteo Extra de Colombia,2209,4755,349,Secos
"2,022",11,21/11/2022,Sorteo Extra de Colombia,2209,5076,311,Secos
"2,022",11,21/11/2022,Sorteo Extra de Colombia,2209,1619,243,Secos
"2,022",11,21/11/2022,Sorteo Extra de Colombia,2209,6626,273,Secos
"2,022",1,2/01/2023,Sorteo Extra de Colombia,2210,6556,30,Secos
"2,022",1,2/01/2023,Sorteo Extra de Colombia,2210,5314,212,Secos
"2,022",1,2/01/2023,Sorteo Extra de Colombia,2210,1402,297,Secos
"2,022",1,2/01/2023,Sorteo Extra de Colombia,2210,9828,272,Secos
"2,022",1,2/01/2023,Sorteo Extra de Colombia,2210,9153,4,Secos
"2,022",1,2/01/2023,Sorteo Extra de Colombia,2210,4299,58,Secos
"2,022",1,2/01/2023,Sorteo Extra de Colombia,2210,1962,198,Secos
"2,022",1,2/01/2023,Sorteo Extra de Colombia,2210,7073,348,Secos
"2,022",1,2/01/2023,Sorteo Extra de Colombia,2210,1890,48,Secos
"2,022",1,2/01/2023,Sorteo Extra de Colombia,2210,3006,126,Secos
"2,023",1,30/01/2023,Sorteo Extra de Colombia,2211,9131,234,Mayor
"2,023",2,27/02/2023,Sorteo Extra de Colombia,2212,6783,12,Mayor
"2,023",3,27/03/2023,Sorteo Extra de Colombia,2213,7854,332,Mayor
"2,023",5,30/05/2023,Sorteo Extra de Colombia,2215,8877,144,Mayor
"2,023",5,2/05/2023,Sorteo Extra de Colombia,2214,1818,86,Mayor
"2,023",7,4/07/2023,Sorteo Extra de Colombia,2216,4647,376,Mayor
"2,023",8,1/08/2023,Sorteo Extra de Colombia,2217,7359,379,Mayor
"2,023",8,29/08/2023,Sorteo Extra de Colombia,2218,940,51,Mayor
"2,023",1,30/01/2023,Sorteo Extra de Colombia,2211,3996,84,Secos
"2,023",2,27/02/2023,Sorteo Extra de Colombia,2212,6181,184,Secos
"2,023",3,27/03/2023,Sorteo Extra de Colombia,2213,7198,253,Secos
"2,023",5,30/05/2023,Sorteo Extra de Colombia,2215,7094,329,Secos
"2,023",5,2/05/2023,Sorteo Extra de Colombia,2214,9844,287,Secos
"2,023",7,4/07/2023,Sorteo Extra de Colombia,2216,4970,167,Secos
"2,023",8,1/08/2023,Sorteo Extra de Colombia,2217,8363,360,Secos
"2,023",8,29/08/2023,Sorteo Extra de Colombia,2218,3196,74,Secos
"2,023",1,30/01/2023,Sorteo Extra de Colombia,2211,9765,186,Secos
"2,023",2,27/02/2023,Sorteo Extra de Colombia,2212,6006,251,Secos
"2,023",3,27/03/2023,Sorteo Extra de Colombia,2213,6565,235,Secos
"2,023",5,2/05/2023,Sorteo Extra de Colombia,2214,8965,57,Secos
"2,023",5,30/05/2023,Sorteo Extra de Colombia,2215,1356,175,Secos
"2,023",7,4/07/2023,Sorteo Extra de Colombia,2216,6765,282,Secos
"2,023",8,1/08/2023,Sorteo Extra de Colombia,2217,1059,68,Secos
"2,023",8,29/08/2023,Sorteo Extra de Colombia,2218,677,119,Secos
"2,023",1,30/01/2023,Sorteo Extra de Colombia,2211,5823,179,Secos
"2,023",2,27/02/2023,Sorteo Extra de Colombia,2212,3188,191,Secos
"2,023",3,27/03/2023,Sorteo Extra de Colombia,2213,7669,330,Secos
"2,023",5,30/05/2023,Sorteo Extra de Colombia,2215,2727,139,Secos
"2,023",5,2/05/2023,Sorteo Extra de Colombia,2214,6082,14,Secos
"2,023",7,4/07/2023,Sorteo Extra de Colombia,2216,8164,67,Secos
"2,023",8,1/08/2023,Sorteo Extra de Colombia,2217,1004,280,Secos
"2,023",8,29/08/2023,Sorteo Extra de Colombia,2218,3989,224,Secos
"2,023",1,30/01/2023,Sorteo Extra de Colombia,2211,837,240,Secos
"2,023",1,30/01/2023,Sorteo Extra de Colombia,2211,7010,220,Secos
"2,023",2,27/02/2023,Sorteo Extra de Colombia,2212,9202,105,Secos
"2,023",2,27/02/2023,Sorteo Extra de Colombia,2212,9366,43,Secos
"2,023",3,27/03/2023,Sorteo Extra de Colombia,2213,3150,78,Secos
"2,023",3,27/03/2023,Sorteo Extra de Colombia,2213,6087,334,Secos
"2,023",5,2/05/2023,Sorteo Extra de Colombia,2214,625,312,Secos
"2,023",5,2/05/2023,Sorteo Extra de Colombia,2214,6716,360,Secos
"2,023",5,30/05/2023,Sorteo Extra de Colombia,2215,1639,356,Secos
"2,023",5,30/05/2023,Sorteo Extra de Colombia,2215,4485,166,Secos
"2,023",7,4/07/2023,Sorteo Extra de Colombia,2216,2208,364,Secos
"2,023",7,4/07/2023,Sorteo Extra de Colombia,2216,3337,120,Secos
"2,023",8,1/08/2023,Sorteo Extra de Colombia,2217,7687,330,Secos
"2,023",8,29/08/2023,Sorteo Extra de Colombia,2218,8539,171,Secos
"2,023",8,1/08/2023,Sorteo Extra de Colombia,2217,1128,107,Secos
"2,023",8,29/08/2023,Sorteo Extra de Colombia,2218,1229,229,Secos
"2,023",1,30/01/2023,Sorteo Extra de Colombia,2211,3517,51,Secos
"2,023",1,30/01/2023,Sorteo Extra de Colombia,2211,5204,307,Secos
"2,023",1,30/01/2023,Sorteo Extra de Colombia,2211,9520,341,Secos
"2,023",1,30/01/2023,Sorteo Extra de Colombia,2211,8958,122,Secos
"2,023",1,30/01/2023,Sorteo Extra de Colombia,2211,453,49,Secos
"2,023",1,30/01/2023,Sorteo Extra de Colombia,2211,581,38,Secos
"2,023",1,30/01/2023,Sorteo Extra de Colombia,2211,2736,138,Secos
"2,023",1,30/01/2023,Sorteo Extra de Colombia,2211,7006,164,Secos
"2,023",1,30/01/2023,Sorteo Extra de Colombia,2211,2633,20,Secos
"2,023",1,30/01/2023,Sorteo Extra de Colombia,2211,9992,179,Secos
"2,023",2,27/02/2023,Sorteo Extra de Colombia,2212,7489,99,Secos
"2,023",2,27/02/2023,Sorteo Extra de Colombia,2212,1908,134,Secos
"2,023",2,27/02/2023,Sorteo Extra de Colombia,2212,7348,160,Secos
"2,023",2,27/02/2023,Sorteo Extra de Colombia,2212,6486,344,Secos
"2,023",2,27/02/2023,Sorteo Extra de Colombia,2212,3739,208,Secos
"2,023",2,27/02/2023,Sorteo Extra de Colombia,2212,1792,61,Secos
"2,023",2,27/02/2023,Sorteo Extra de Colombia,2212,1942,279,Secos
"2,023",2,27/02/2023,Sorteo Extra de Colombia,2212,3755,370,Secos
"2,023",2,27/02/2023,Sorteo Extra de Colombia,2212,6921,198,Secos
"2,023",2,27/02/2023,Sorteo Extra de Colombia,2212,6065,64,Secos
"2,023",3,27/03/2023,Sorteo Extra de Colombia,2213,4363,162,Secos
"2,023",3,27/03/2023,Sorteo Extra de Colombia,2213,8872,123,Secos
"2,023",3,27/03/2023,Sorteo Extra de Colombia,2213,5346,127,Secos
"2,023",3,27/03/2023,Sorteo Extra de Colombia,2213,524,210,Secos
"2,023",3,27/03/2023,Sorteo Extra de Colombia,2213,5909,265,Secos
"2,023",3,27/03/2023,Sorteo Extra de Colombia,2213,7186,315,Secos
"2,023",3,27/03/2023,Sorteo Extra de Colombia,2213,8321,339,Secos
"2,023",3,27/03/2023,Sorteo Extra de Colombia,2213,550,80,Secos
"2,023",3,27/03/2023,Sorteo Extra de Colombia,2213,5938,123,Secos
"2,023",3,27/03/2023,Sorteo Extra de Colombia,2213,5821,287,Secos
"2,023",5,2/05/2023,Sorteo Extra de Colombia,2214,6860,225,Secos
"2,023",5,2/05/2023,Sorteo Extra de Colombia,2214,9815,156,Secos
"2,023",5,2/05/2023,Sorteo Extra de Colombia,2214,7984,292,Secos
"2,023",5,2/05/2023,Sorteo Extra de Colombia,2214,586,143,Secos
"2,023",5,2/05/2023,Sorteo Extra de Colombia,2214,3487,325,Secos
"2,023",5,2/05/2023,Sorteo Extra de Colombia,2214,7432,196,Secos
"2,023",5,30/05/2023,Sorteo Extra de Colombia,2215,1972,160,Secos
"2,023",5,2/05/2023,Sorteo Extra de Colombia,2214,6033,51,Secos
"2,023",5,2/05/2023,Sorteo Extra de Colombia,2214,7670,206,Secos
"2,023",5,2/05/2023,Sorteo Extra de Colombia,2214,7840,192,Secos
"2,023",5,30/05/2023,Sorteo Extra de Colombia,2215,403,30,Secos
"2,023",5,2/05/2023,Sorteo Extra de Colombia,2214,1244,143,Secos
"2,023",5,30/05/2023,Sorteo Extra de Colombia,2215,9416,338,Secos
"2,023",5,30/05/2023,Sorteo Extra de Colombia,2215,7242,371,Secos
"2,023",5,30/05/2023,Sorteo Extra de Colombia,2215,4619,226,Secos
"2,023",5,30/05/2023,Sorteo Extra de Colombia,2215,3842,267,Secos
"2,023",5,30/05/2023,Sorteo Extra de Colombia,2215,2623,283,Secos
"2,023",5,30/05/2023,Sorteo Extra de Colombia,2215,2155,27,Secos
"2,023",5,30/05/2023,Sorteo Extra de Colombia,2215,7763,230,Secos
"2,023",5,30/05/2023,Sorteo Extra de Colombia,2215,199,326,Secos
"2,023",7,4/07/2023,Sorteo Extra de Colombia,2216,8927,154,Secos
"2,023",7,4/07/2023,Sorteo Extra de Colombia,2216,6749,184,Secos
"2,023",7,4/07/2023,Sorteo Extra de Colombia,2216,640,241,Secos
"2,023",7,4/07/2023,Sorteo Extra de Colombia,2216,6348,323,Secos
"2,023",7,4/07/2023,Sorteo Extra de Colombia,2216,2469,18,Secos
"2,023",7,4/07/2023,Sorteo Extra de Colombia,2216,6567,14,Secos
"2,023",7,4/07/2023,Sorteo Extra de Colombia,2216,5288,266,Secos
"2,023",7,4/07/2023,Sorteo Extra de Colombia,2216,3376,355,Secos
"2,023",7,4/07/2023,Sorteo Extra de Colombia,2216,963,91,Secos
"2,023",7,4/07/2023,Sorteo Extra de Colombia,2216,9368,353,Secos
"2,023",8,29/08/2023,Sorteo Extra de Colombia,2218,3817,303,Secos
"2,023",8,29/08/2023,Sorteo Extra de Colombia,2218,5145,115,Secos
"2,023",8,1/08/2023,Sorteo Extra de Colombia,2217,6534,226,Secos
"2,023",8,1/08/2023,Sorteo Extra de Colombia,2217,2495,124,Secos
"2,023",8,1/08/2023,Sorteo Extra de Colombia,2217,5335,327,Secos
"2,023",8,1/08/2023,Sorteo Extra de Colombia,2217,4759,214,Secos
"2,023",8,29/08/2023,Sorteo Extra de Colombia,2218,5011,202,Secos
"2,023",8,1/08/2023,Sorteo Extra de Colombia,2217,9131,163,Secos
"2,023",8,1/08/2023,Sorteo Extra de Colombia,2217,2908,273,Secos
"2,023",8,1/08/2023,Sorteo Extra de Colombia,2217,3659,375,Secos
"2,023",8,29/08/2023,Sorteo Extra de Colombia,2218,1508,65,Secos
"2,023",8,29/08/2023,Sorteo Extra de Colombia,2218,6270,301,Secos
"2,023",8,29/08/2023,Sorteo Extra de Colombia,2218,99,124,Secos
"2,023",8,29/08/2023,Sorteo Extra de Colombia,2218,3097,116,Secos
"2,023",8,1/08/2023,Sorteo Extra de Colombia,2217,7550,194,Secos
"2,023",8,29/08/2023,Sorteo Extra de Colombia,2218,4170,285,Secos
"2,023",8,1/08/2023,Sorteo Extra de Colombia,2217,8156,138,Secos
"2,023",8,29/08/2023,Sorteo Extra de Colombia,2218,217,70,Secos
"2,023",8,29/08/2023,Sorteo Extra de Colombia,2218,4154,291,Secos
"2,023",8,1/08/2023,Sorteo Extra de Colombia,2217,1742,98,Secos
"2,023",1,30/01/2023,Sorteo Extra de Colombia,2211,5286,225,Secos
"2,023",1,30/01/2023,Sorteo Extra de Colombia,2211,3385,379,Secos
"2,023",1,30/01/2023,Sorteo Extra de Colombia,2211,457,193,Secos
"2,023",1,30/01/2023,Sorteo Extra de Colombia,2211,2482,123,Secos
"2,023",1,30/01/2023,Sorteo Extra de Colombia,2211,1531,117,Secos
"2,023",1,30/01/2023,Sorteo Extra de Colombia,2211,5904,244,Secos
"2,023",1,30/01/2023,Sorteo Extra de Colombia,2211,5545,234,Secos
"2,023",1,30/01/2023,Sorteo Extra de Colombia,2211,8624,218,Secos
"2,023",1,30/01/2023,Sorteo Extra de Colombia,2211,9304,98,Secos
"2,023",1,30/01/2023,Sorteo Extra de Colombia,2211,1375,118,Secos
"2,023",2,27/02/2023,Sorteo Extra de Colombia,2212,6333,62,Secos
"2,023",2,27/02/2023,Sorteo Extra de Colombia,2212,2752,205,Secos
"2,023",2,27/02/2023,Sorteo Extra de Colombia,2212,3398,136,Secos
"2,023",2,27/02/2023,Sorteo Extra de Colombia,2212,5593,231,Secos
"2,023",2,27/02/2023,Sorteo Extra de Colombia,2212,8851,81,Secos
"2,023",2,27/02/2023,Sorteo Extra de Colombia,2212,5816,38,Secos
"2,023",2,27/02/2023,Sorteo Extra de Colombia,2212,8320,59,Secos
"2,023",2,27/02/2023,Sorteo Extra de Colombia,2212,6791,142,Secos
"2,023",2,27/02/2023,Sorteo Extra de Colombia,2212,1240,201,Secos
"2,023",2,27/02/2023,Sorteo Extra de Colombia,2212,1077,51,Secos
"2,023",3,27/03/2023,Sorteo Extra de Colombia,2213,448,96,Secos
"2,023",3,27/03/2023,Sorteo Extra de Colombia,2213,5882,174,Secos
"2,023",3,27/03/2023,Sorteo Extra de Colombia,2213,6478,221,Secos
"2,023",3,27/03/2023,Sorteo Extra de Colombia,2213,3716,217,Secos
"2,023",3,27/03/2023,Sorteo Extra de Colombia,2213,7731,141,Secos
"2,023",3,27/03/2023,Sorteo Extra de Colombia,2213,3713,107,Secos
"2,023",3,27/03/2023,Sorteo Extra de Colombia,2213,6714,91,Secos
"2,023",3,27/03/2023,Sorteo Extra de Colombia,2213,4462,160,Secos
"2,023",3,27/03/2023,Sorteo Extra de Colombia,2213,7184,292,Secos
"2,023",3,27/03/2023,Sorteo Extra de Colombia,2213,6820,341,Secos
"2,023",5,2/05/2023,Sorteo Extra de Colombia,2214,3180,10,Secos
"2,023",5,2/05/2023,Sorteo Extra de Colombia,2214,9672,79,Secos
"2,023",5,2/05/2023,Sorteo Extra de Colombia,2214,9610,171,Secos
"2,023",5,2/05/2023,Sorteo Extra de Colombia,2214,6384,320,Secos
"2,023",5,30/05/2023,Sorteo Extra de Colombia,2215,2749,105,Secos
"2,023",5,30/05/2023,Sorteo Extra de Colombia,2215,5609,176,Secos
"2,023",5,2/05/2023,Sorteo Extra de Colombia,2214,2261,340,Secos
"2,023",5,2/05/2023,Sorteo Extra de Colombia,2214,2047,296,Secos
"2,023",5,30/05/2023,Sorteo Extra de Colombia,2215,8585,142,Secos
"2,023",5,30/05/2023,Sorteo Extra de Colombia,2215,7946,197,Secos
"2,023",5,2/05/2023,Sorteo Extra de Colombia,2214,7280,285,Secos
"2,023",5,30/05/2023,Sorteo Extra de Colombia,2215,5677,348,Secos
"2,023",5,2/05/2023,Sorteo Extra de Colombia,2214,9419,160,Secos
"2,023",5,30/05/2023,Sorteo Extra de Colombia,2215,1155,287,Secos
"2,023",5,2/05/2023,Sorteo Extra de Colombia,2214,6538,174,Secos
"2,023",5,30/05/2023,Sorteo Extra de Colombia,2215,9352,329,Secos
"2,023",5,30/05/2023,Sorteo Extra de Colombia,2215,3155,191,Secos
"2,023",5,30/05/2023,Sorteo Extra de Colombia,2215,530,212,Secos
"2,023",5,30/05/2023,Sorteo Extra de Colombia,2215,8073,125,Secos
"2,023",5,2/05/2023,Sorteo Extra de Colombia,2214,8893,285,Secos
"2,023",7,4/07/2023,Sorteo Extra de Colombia,2216,9900,213,Secos
"2,023",7,4/07/2023,Sorteo Extra de Colombia,2216,1115,297,Secos
"2,023",7,4/07/2023,Sorteo Extra de Colombia,2216,2748,199,Secos
"2,023",7,4/07/2023,Sorteo Extra de Colombia,2216,5642,50,Secos
"2,023",7,4/07/2023,Sorteo Extra de Colombia,2216,1049,356,Secos
"2,023",7,4/07/2023,Sorteo Extra de Colombia,2216,4122,34,Secos
"2,023",7,4/07/2023,Sorteo Extra de Colombia,2216,3011,299,Secos
"2,023",7,4/07/2023,Sorteo Extra de Colombia,2216,5013,145,Secos
"2,023",7,4/07/2023,Sorteo Extra de Colombia,2216,7292,104,Secos
"2,023",7,4/07/2023,Sorteo Extra de Colombia,2216,4230,117,Secos
"2,023",8,29/08/2023,Sorteo Extra de Colombia,2218,1085,0,Secos
"2,023",8,1/08/2023,Sorteo Extra de Colombia,2217,3814,3,Secos
"2,023",8,1/08/2023,Sorteo Extra de Colombia,2217,3617,182,Secos
"2,023",8,29/08/2023,Sorteo Extra de Colombia,2218,8663,55,Secos
"2,023",8,29/08/2023,Sorteo Extra de Colombia,2218,5356,221,Secos
"2,023",8,29/08/2023,Sorteo Extra de Colombia,2218,356,262,Secos
"2,023",8,29/08/2023,Sorteo Extra de Colombia,2218,5954,119,Secos
"2,023",8,1/08/2023,Sorteo Extra de Colombia,2217,7521,44,Secos
"2,023",8,1/08/2023,Sorteo Extra de Colombia,2217,9086,184,Secos
"2,023",8,1/08/2023,Sorteo Extra de Colombia,2217,7667,156,Secos
"2,023",8,1/08/2023,Sorteo Extra de Colombia,2217,6348,342,Secos
"2,023",8,29/08/2023,Sorteo Extra de Colombia,2218,937,179,Secos
"2,023",8,1/08/2023,Sorteo Extra de Colombia,2217,3216,122,Secos
"2,023",8,1/08/2023,Sorteo Extra de Colombia,2217,6090,261,Secos
"2,023",8,29/08/2023,Sorteo Extra de Colombia,2218,4719,185,Secos
"2,023",8,1/08/2023,Sorteo Extra de Colombia,2217,342,143,Secos
"2,023",8,1/08/2023,Sorteo Extra de Colombia,2217,407,171,Secos
"2,023",8,29/08/2023,Sorteo Extra de Colombia,2218,4919,18,Secos
"2,023",8,29/08/2023,Sorteo Extra de Colombia,2218,2775,223,Secos
"2,023",8,29/08/2023,Sorteo Extra de Colombia,2218,5887,165,Secos
